Anh van so cap,Giao duc the chat 1,Tin hoc van phong,Anh van,Giao duc quoc phong an ninh 1,Giao duc the chat,Ky nang hoc tap hieu qua,Anh van 2,Giao duc quoc phong an ninh 3 -AB,Giao duc the chat 3,Ngon ngu lap trinh,Nhung nguyen ly cua chhu nghia co ban Mac-Lenin 2,Thuc hanh ngon ngu lap trinh,Toan cao cao A2,Toan roi rac,Ky nang giao tiep,Cau truc du lieu va giai thuat,Kien truc may tinh,Phuong phap tinh,Thi nghiem vat ly dai cuong,Thuc hanh caiu truc du lieu va giai thuat,Vat ly dai cuong 1,Moi truong va con nguoi,An toan lao dong,Co so du lieu,He dieu hanh,Lap trinh huong doi tuong,Thiet ke web,Thuc hanh co so du lieu,Thuc hanhf lap trinh huong doi tuong,Thuc hanh thiet ke web,tu tuong Ho Chi Minh,Xac suat thong ke,Ham phuc va phep bien doi Laplace,Duong loi cach mang cua Dang cong san Viet Nam,Lap trinh Windows,Mang may tinh,Thuc hang lap trinh Windows,Thuc hanh Mang may tinh,Truyen thong ky thuat so,Do hoa may tinh,Thuc hanh do hoa may tinh,He quan tri co so du lieu,Phan tich thiet ke he thong thong tin,Phuong phap nghien cuu khoa hoc,Thuc hanh he quan trij co so du lieu,Thuc hanh phan tich thiet ke he thong thong tin,Thuong mai diem tu nganh CNTT,Tri tue nhan tao,Ly thuyet do thi,Thuc hanh ly thuyet do thi,Xep loai
?,C,D,D,D,C,?,?,?,E,?,?,?,E,?,E,?,E,E,E,?,D,E,D,?,E,E,E,E,?,E,E,D,E,D,?,C,?,E,?,?,C,?,C,C,D,?,C,E,?,?,Khong Dat
C,?,?,?,D,E,C,E,D,D,E,C,?,E,E,E,?,?,D,?,?,?,E,D,D,?,?,E,E,?,E,E,E,?,?,?,?,D,D,D,?,D,D,?,E,E,E,?,?,E,?,Khong Dat
E,E,C,E,D,D,C,C,C,?,?,D,?,C,?,E,?,E,D,E,?,C,E,D,D,?,E,E,?,?,?,C,E,C,E,?,?,?,D,D,C,E,D,E,?,D,E,C,?,E,?,Khong Dat
C,?,C,E,?,?,E,E,C,C,C,?,?,?,E,?,?,D,E,?,?,C,E,?,?,E,D,D,E,D,?,E,C,E,C,E,E,D,D,D,E,D,D,?,E,?,E,D,E,?,D,Khong Dat
?,C,?,E,E,D,?,?,E,E,D,C,?,E,?,?,E,?,D,?,E,E,E,D,D,?,D,E,?,E,C,E,C,D,C,E,?,E,?,E,?,C,?,D,E,D,E,?,?,E,?,Khong Dat
D,?,C,D,D,E,E,C,C,?,E,C,?,E,D,?,?,?,E,?,?,C,C,?,?,E,E,D,?,?,E,?,E,E,E,E,E,E,E,?,E,E,E,E,C,E,E,C,?,?,D,Khong Dat
D,C,E,C,E,?,?,C,C,C,E,E,?,D,E,?,?,?,C,?,?,E,E,?,?,D,?,E,E,E,C,E,E,E,C,D,D,E,?,C,?,E,?,?,E,E,?,?,D,?,?,Khong Dat
?,?,C,?,E,?,?,?,E,D,E,E,D,C,E,E,E,E,E,E,?,C,E,D,?,D,?,?,?,E,?,?,E,D,?,?,D,E,?,D,?,D,?,?,E,?,D,D,?,?,?,Khong Dat
?,D,C,D,E,C,D,?,E,E,D,D,D,C,?,E,?,D,?,?,?,C,?,?,?,?,E,C,E,E,D,?,E,E,C,?,?,?,?,?,C,D,?,?,?,?,?,E,?,?,E,Khong Dat
?,E,D,E,?,?,?,E,E,E,?,E,E,?,D,?,E,?,D,?,D,?,D,C,?,?,E,E,E,?,E,?,E,C,?,?,?,D,D,C,E,?,?,D,?,E,?,D,D,D,?,Khong Dat
C,?,E,D,E,E,E,E,E,?,?,?,E,E,?,C,E,E,E,E,E,D,E,D,?,?,D,D,D,?,D,E,C,E,E,?,D,?,?,?,E,?,D,?,D,E,?,E,E,?,E,Khong Dat
D,E,E,E,E,E,D,D,E,E,?,?,D,E,?,?,?,?,?,D,E,D,C,?,?,D,?,E,E,?,?,C,C,D,E,D,E,?,?,D,D,E,?,?,D,?,D,C,?,E,?,Khong Dat
E,?,?,?,E,?,D,?,?,C,D,E,D,?,?,E,D,?,?,?,?,E,E,?,E,D,E,?,?,?,D,?,?,?,C,?,?,D,?,E,E,D,E,?,E,?,?,E,?,?,E,Khong Dat
?,E,?,C,E,E,E,D,?,?,?,E,E,?,E,C,?,?,E,D,E,E,E,E,?,E,?,C,?,?,C,C,D,E,?,?,?,?,E,C,?,?,?,?,E,?,E,D,E,?,E,Khong Dat
E,D,?,?,E,D,C,E,E,E,E,E,?,?,?,?,?,E,C,E,?,E,C,D,D,D,D,E,E,?,?,E,E,E,?,?,E,E,?,C,?,?,E,?,C,D,E,E,?,E,?,Khong Dat
E,D,?,E,?,?,D,D,?,E,E,E,D,?,?,E,?,E,C,D,?,E,C,E,E,?,?,?,?,?,D,?,E,E,?,E,E,?,?,?,E,E,E,E,E,?,?,D,?,?,?,Khong Dat
E,?,?,E,?,E,?,E,?,?,?,?,?,D,D,?,?,?,C,?,D,D,C,E,D,E,?,E,D,E,D,?,C,C,?,E,D,?,?,C,C,?,?,D,C,?,E,E,?,D,?,Khong Dat
?,?,E,?,C,?,E,E,E,?,E,E,D,E,?,?,D,?,C,E,?,?,?,D,E,D,?,C,?,?,C,E,D,D,C,?,C,?,?,E,D,D,E,E,?,?,?,E,?,?,?,Khong Dat
E,C,E,?,?,E,?,D,?,E,D,E,?,?,?,E,?,?,?,?,D,E,?,E,?,D,?,?,?,?,?,D,C,E,E,?,?,D,?,E,D,D,E,E,C,E,?,D,?,?,?,Khong Dat
E,?,?,E,E,E,?,D,C,E,E,C,?,D,E,?,?,D,?,?,?,E,E,?,?,?,?,E,E,?,?,E,?,E,C,E,?,E,?,C,C,D,?,?,E,D,C,C,?,?,?,Khong Dat
?,E,?,D,D,D,E,C,E,E,E,?,?,?,?,D,?,E,E,D,?,E,?,C,?,?,?,D,E,D,?,?,E,?,E,?,E,?,D,?,D,D,D,?,?,?,?,C,?,D,E,Khong Dat
?,E,?,?,?,E,C,C,?,?,D,E,?,C,E,D,E,?,?,?,E,E,D,E,E,?,?,D,?,E,C,E,E,?,C,E,E,D,E,?,C,E,?,?,?,?,?,?,C,E,?,Khong Dat
?,C,D,C,E,D,?,D,E,D,E,C,?,E,?,?,?,?,D,?,?,E,?,?,E,?,?,D,?,E,E,E,E,E,D,?,?,?,?,?,E,?,?,?,D,E,?,C,D,D,D,Khong Dat
D,?,D,E,E,D,D,?,E,E,E,D,D,E,?,E,?,?,?,?,?,C,E,?,E,E,?,C,?,?,E,?,E,?,E,E,?,?,?,?,E,D,?,?,?,D,E,?,?,E,?,Khong Dat
?,?,C,D,?,E,E,C,?,?,?,D,?,E,D,D,?,D,C,D,?,D,D,C,?,E,?,?,E,E,C,E,E,C,E,E,?,?,E,C,E,E,?,?,?,?,?,D,E,?,D,Khong Dat
?,E,D,?,D,E,?,?,E,?,D,?,E,E,E,E,?,E,?,?,?,E,E,C,E,?,E,E,E,E,D,C,E,?,E,?,D,?,?,E,E,?,E,?,D,?,?,D,E,?,E,Khong Dat
?,C,?,D,E,C,E,E,?,E,C,C,D,E,D,?,?,E,?,E,E,C,E,?,?,?,?,?,?,?,D,D,?,E,?,?,?,?,D,E,?,D,?,?,E,?,?,E,?,?,?,Khong Dat
D,?,C,E,E,D,D,?,E,?,C,?,E,E,E,?,?,?,E,?,?,D,D,E,?,E,?,C,E,E,C,C,?,D,E,?,?,D,?,?,C,E,?,D,C,E,?,E,?,E,?,Khong Dat
?,E,E,E,D,?,?,C,E,?,E,E,E,D,D,C,D,E,?,?,E,E,E,E,E,?,E,?,E,?,E,C,C,?,?,E,?,?,?,E,?,E,E,E,E,D,?,?,D,E,?,Khong Dat
C,?,D,C,E,E,?,C,E,?,E,E,?,C,?,E,?,?,?,E,?,E,?,?,?,?,D,D,E,?,E,?,E,?,?,?,D,?,E,C,C,?,?,?,C,E,?,?,E,?,C,Khong Dat
D,?,D,E,E,E,C,?,?,?,E,?,E,E,E,D,E,?,?,?,?,C,D,E,?,?,?,C,E,E,C,E,C,E,C,?,E,?,E,?,C,E,E,E,D,?,E,C,D,E,D,Khong Dat
C,E,?,C,E,E,E,E,E,E,E,E,?,E,?,E,?,D,E,?,?,E,E,E,E,?,E,?,?,?,?,?,?,C,?,E,D,?,E,E,?,D,D,E,E,D,E,E,?,?,?,Khong Dat
D,E,C,C,E,E,?,C,E,E,?,?,C,E,E,C,?,?,E,D,?,E,E,E,?,E,?,?,?,D,E,E,C,?,?,?,?,E,E,D,E,E,D,D,C,E,?,E,?,E,?,Khong Dat
C,E,D,D,E,D,E,C,E,D,E,C,?,E,?,C,E,?,C,E,?,C,?,E,?,?,?,D,E,D,?,E,E,?,?,E,?,?,D,?,E,C,?,?,?,E,?,C,D,D,?,Khong Dat
E,?,E,C,C,E,?,E,?,?,?,E,C,C,C,C,E,D,E,E,?,E,?,?,?,?,?,C,?,?,?,?,?,E,C,?,?,E,?,E,E,?,E,D,E,?,?,D,D,?,D,Khong Dat
C,E,?,E,?,C,E,E,?,?,?,?,E,?,?,C,?,E,C,E,?,E,?,E,E,?,?,?,?,?,E,C,D,E,E,D,?,E,?,C,?,E,?,?,D,D,?,C,?,D,E,Khong Dat
D,?,D,E,?,E,?,?,?,?,?,C,?,E,?,D,?,?,D,E,?,D,D,?,?,?,E,?,E,?,D,E,E,E,E,E,?,?,?,D,?,C,?,E,E,?,?,?,?,D,D,Khong Dat
C,C,?,?,E,E,D,E,?,E,E,?,C,E,?,D,?,?,D,?,?,E,C,C,E,D,?,C,?,?,D,?,C,?,E,?,D,E,?,C,C,E,?,?,?,?,?,D,?,D,?,Khong Dat
?,E,D,C,E,D,?,?,E,?,C,E,?,C,?,E,E,?,D,E,D,D,D,?,?,D,?,E,?,?,E,?,D,E,E,?,?,?,?,D,E,C,?,?,D,?,?,C,?,E,?,Khong Dat
E,?,D,?,E,C,?,C,E,E,?,C,?,D,?,?,?,?,C,D,E,C,?,?,?,?,E,E,?,?,E,E,C,?,C,?,E,?,D,C,E,?,D,?,?,E,?,?,?,?,E,Khong Dat
C,E,E,E,?,E,?,E,?,D,E,E,?,D,?,C,?,?,C,D,E,D,D,?,E,?,?,D,D,?,E,D,?,E,?,?,?,?,?,C,C,D,?,E,E,?,E,E,E,E,E,Khong Dat
E,C,?,E,?,?,E,E,E,E,E,D,E,?,E,D,D,?,?,E,D,E,E,D,?,?,E,D,D,E,C,E,D,E,?,?,D,D,D,E,E,?,C,D,E,?,?,E,?,E,D,Khong Dat
?,E,E,E,E,C,?,E,D,E,E,?,E,E,D,E,D,?,?,?,?,D,?,E,D,E,E,E,E,?,C,D,D,?,D,E,?,E,E,D,D,D,?,D,E,E,D,C,?,?,E,Khong Dat
?,E,?,C,E,?,?,C,E,E,E,E,?,C,?,C,?,E,E,E,?,?,D,D,?,?,D,E,E,E,E,E,D,E,?,?,?,?,D,?,E,C,?,D,E,?,?,?,?,?,?,Khong Dat
E,?,E,?,E,C,D,D,C,D,E,D,D,C,?,D,D,E,D,?,E,D,C,C,?,D,?,E,?,?,D,?,D,?,E,E,?,?,E,D,D,C,E,?,D,E,?,C,E,D,E,Khong Dat
E,D,E,?,?,E,C,D,E,D,C,C,E,C,E,C,D,?,E,?,?,D,E,?,?,E,?,?,E,E,E,E,E,?,E,?,E,?,E,E,?,E,?,?,E,E,E,D,E,D,?,Khong Dat
?,?,?,D,D,E,?,?,E,D,E,?,D,C,?,E,D,E,E,?,?,C,E,E,?,?,?,?,?,?,?,D,D,E,D,?,E,?,D,E,E,E,D,E,?,D,E,E,E,?,?,Khong Dat
D,?,?,D,E,?,?,E,?,?,C,D,D,D,?,E,?,?,E,E,E,E,C,C,?,?,E,C,?,?,E,C,C,E,?,?,E,D,E,E,E,E,E,D,C,?,D,E,E,E,E,Khong Dat
?,E,D,C,E,?,E,?,E,?,E,E,?,E,E,?,?,?,E,?,E,?,E,E,?,D,?,E,?,?,C,E,E,D,E,E,?,?,D,?,E,E,D,C,?,E,E,D,?,?,D,Khong Dat
D,D,E,?,D,E,?,D,?,E,?,?,D,E,D,?,E,D,E,D,?,E,D,D,?,?,?,E,D,?,E,E,C,D,?,E,E,?,E,E,E,E,?,?,E,?,?,E,?,D,E,Khong Dat
?,?,C,?,E,C,E,C,E,E,D,C,?,C,?,?,D,?,E,?,?,?,?,E,E,E,?,?,?,?,?,E,D,?,D,E,?,E,?,E,C,C,D,D,C,D,?,D,?,?,?,Khong Dat
?,E,?,?,?,?,E,D,?,D,C,E,?,E,E,?,?,D,E,D,?,E,?,D,?,?,?,D,D,?,?,?,C,?,E,E,D,?,E,C,C,?,?,E,E,?,?,E,E,?,?,Khong Dat
C,C,?,?,E,E,C,?,?,E,?,C,?,D,D,C,?,?,E,E,E,C,?,D,E,?,?,?,?,?,C,C,C,?,?,?,?,E,E,?,E,E,E,E,D,?,E,D,E,?,E,Khong Dat
?,?,?,E,C,?,?,E,E,?,E,E,?,D,?,E,?,?,E,?,E,C,C,?,?,?,?,C,E,?,D,E,E,E,C,E,D,E,E,C,D,D,?,D,?,?,?,?,?,?,D,Khong Dat
?,E,E,E,E,D,C,?,?,E,E,E,?,?,?,?,?,E,D,?,?,E,C,C,?,?,?,C,E,?,C,E,C,?,E,D,?,E,?,?,C,E,E,D,E,?,?,E,E,?,E,Khong Dat
?,?,D,?,E,E,?,?,?,C,E,E,E,D,E,E,?,?,C,?,?,?,C,E,?,?,C,?,E,E,C,C,C,?,E,D,E,E,D,?,?,E,?,?,?,?,E,D,?,?,?,Khong Dat
D,?,?,E,?,?,D,?,E,E,?,D,?,?,?,?,D,?,?,D,?,C,D,E,?,?,?,?,E,E,C,?,E,?,C,D,?,E,E,?,D,?,E,?,E,E,E,E,?,?,E,Khong Dat
C,D,E,?,?,D,E,D,E,?,?,C,D,E,?,?,?,E,?,?,D,E,E,?,E,?,D,?,D,?,C,D,C,E,?,?,E,D,?,C,?,C,E,?,E,E,E,D,?,?,?,Khong Dat
?,E,E,D,?,E,?,E,E,E,E,E,?,?,E,E,?,?,?,?,E,D,E,D,?,E,?,?,?,?,E,E,E,C,?,?,E,C,?,?,D,E,?,E,E,?,D,E,E,E,E,Khong Dat
C,E,C,?,?,?,E,E,?,C,?,E,E,C,?,E,?,E,D,?,E,?,E,E,E,D,E,E,?,D,E,?,E,D,C,?,?,D,?,C,D,E,D,?,?,?,E,E,?,D,D,Khong Dat
D,C,?,?,E,E,E,C,D,D,D,D,?,E,E,?,?,D,C,?,?,E,E,?,E,E,?,?,?,E,?,E,E,C,E,?,E,E,E,D,D,E,?,E,?,?,?,E,?,E,E,Khong Dat
?,D,?,?,E,D,?,E,?,E,C,E,E,?,D,D,?,?,?,?,?,C,E,C,?,?,?,?,?,D,E,E,?,E,E,?,?,D,?,C,E,E,D,E,E,D,?,D,E,?,D,Khong Dat
C,E,?,?,E,C,E,E,E,E,?,E,E,?,?,C,D,?,E,D,?,?,E,?,?,?,?,?,?,D,C,C,?,?,D,?,E,?,?,E,E,D,?,?,E,E,?,E,?,?,E,Khong Dat
D,D,?,C,D,E,C,D,?,?,?,E,?,?,?,?,D,E,?,?,E,C,E,E,D,?,?,D,E,E,?,C,D,C,D,?,D,?,?,E,?,E,?,E,?,D,E,D,?,?,E,Khong Dat
E,?,E,E,?,?,E,?,?,E,D,?,?,E,?,?,?,?,E,?,?,C,C,?,?,D,?,D,E,E,?,D,?,?,E,?,?,?,D,?,C,?,?,?,?,?,?,?,?,E,?,Khong Dat
D,C,?,C,?,?,E,E,E,E,E,E,?,?,?,D,?,E,D,?,?,C,E,E,?,?,?,?,D,?,E,C,E,?,E,D,E,?,?,?,E,E,E,?,C,?,?,?,E,?,D,Khong Dat
?,?,?,?,?,C,E,E,C,D,C,E,?,D,E,C,?,E,?,?,E,E,C,C,E,D,D,E,E,?,E,E,?,E,C,?,?,?,E,C,C,E,E,D,?,?,E,D,?,?,D,Khong Dat
?,E,?,E,E,E,?,?,C,?,?,?,D,?,E,C,D,E,?,E,?,D,D,E,E,?,?,E,D,?,D,D,E,C,D,E,D,D,E,E,E,E,?,E,E,D,?,C,?,E,?,Khong Dat
C,?,?,E,?,E,?,E,E,E,D,D,?,E,E,E,?,E,E,D,D,D,E,C,E,E,E,D,?,D,C,C,E,E,C,E,E,D,?,E,E,D,?,?,E,D,?,D,?,?,?,Khong Dat
D,E,E,D,D,?,E,D,E,E,?,E,E,C,?,E,?,D,E,?,D,E,C,E,E,D,D,?,?,E,E,?,C,D,D,?,?,E,?,E,C,E,E,E,E,?,E,D,?,D,?,Khong Dat
E,?,C,?,E,?,?,D,?,E,?,?,?,C,D,C,?,E,C,E,?,C,?,C,C,?,?,?,?,?,?,E,C,D,?,?,E,?,?,?,C,E,E,?,E,?,?,E,E,E,?,Khong Dat
?,?,?,E,?,?,?,D,E,?,?,C,E,E,?,?,E,?,E,E,E,E,C,E,E,?,?,E,E,E,E,C,C,C,D,D,C,E,E,C,E,E,?,?,C,?,?,E,?,?,E,Khong Dat
?,E,E,?,E,D,E,?,C,D,C,C,E,C,?,C,E,?,D,E,?,C,C,?,E,D,D,E,?,E,E,D,?,C,E,?,?,?,?,C,D,E,E,?,E,?,?,C,?,?,?,Khong Dat
E,C,D,E,C,C,?,C,C,E,D,?,?,?,?,?,C,?,?,?,D,E,E,E,?,?,D,E,?,?,D,E,C,C,?,?,?,?,?,?,C,E,?,?,E,E,E,E,?,E,D,Khong Dat
?,?,E,?,E,C,E,E,E,?,D,?,?,E,E,?,D,?,D,E,E,?,D,C,?,D,E,E,?,E,C,D,?,?,E,?,?,?,?,E,?,?,?,?,C,?,?,C,E,?,?,Khong Dat
?,D,C,?,E,?,E,?,E,?,E,C,?,C,?,C,?,?,E,D,E,E,E,E,?,E,?,C,E,E,C,E,?,D,D,E,E,E,E,E,D,D,?,?,C,D,?,E,?,?,E,Khong Dat
?,?,?,C,C,C,D,?,D,E,E,?,?,?,E,C,?,?,C,?,?,D,E,D,?,?,?,?,?,?,C,?,D,?,?,?,?,?,D,C,C,C,?,E,?,?,D,?,C,E,D,Khong Dat
E,?,?,?,E,C,D,E,?,E,?,C,D,D,E,D,D,?,E,?,?,E,?,?,E,?,?,E,C,?,C,C,?,C,E,E,?,?,E,D,E,?,E,E,C,?,?,?,?,?,E,Khong Dat
?,?,D,?,D,E,C,?,D,D,D,E,?,?,?,C,C,C,C,?,D,C,?,E,?,E,E,?,?,?,D,E,?,D,C,D,?,?,?,?,?,D,D,D,E,D,E,D,E,E,?,Khong Dat
C,?,D,E,E,C,E,E,E,?,?,E,C,?,?,C,?,?,C,D,?,E,D,E,?,E,E,E,D,?,?,E,?,?,D,?,?,?,?,E,C,C,?,?,E,?,E,E,?,D,?,Khong Dat
E,E,?,C,E,?,?,?,?,E,?,?,E,?,?,C,?,E,D,D,?,C,E,D,?,?,?,?,E,?,?,E,?,?,?,?,E,D,D,E,D,E,E,E,E,E,?,?,E,?,D,Khong Dat
D,E,?,?,?,?,E,E,D,D,C,?,?,C,E,C,?,D,D,?,?,E,E,E,?,?,E,E,?,?,E,C,C,?,?,D,?,E,?,C,?,E,E,?,D,?,?,D,?,?,E,Khong Dat
D,E,D,?,D,E,C,?,E,E,C,D,E,E,D,E,D,D,E,E,?,E,C,?,E,?,?,D,?,E,C,E,?,E,E,D,E,E,?,D,C,E,?,?,E,?,?,E,D,D,E,Khong Dat
C,?,C,E,?,?,C,C,E,C,E,?,?,E,E,C,?,?,?,D,?,C,E,E,?,?,E,D,?,?,C,D,D,D,E,?,?,?,?,E,E,?,E,?,E,?,E,C,E,E,D,Khong Dat
E,E,?,E,?,C,?,?,E,E,?,E,?,C,E,D,?,?,?,?,E,D,C,D,?,?,E,E,?,?,C,D,E,E,E,?,E,E,E,C,C,E,?,?,C,?,?,?,?,?,D,Khong Dat
C,E,E,?,D,?,?,C,?,C,?,?,E,E,E,?,?,?,C,?,?,E,?,C,?,?,?,D,?,C,?,E,E,?,?,?,E,E,?,D,E,D,?,E,C,D,?,C,D,?,?,Khong Dat
?,?,E,?,?,E,D,E,E,C,E,?,?,?,?,E,?,?,E,D,E,E,D,?,?,D,E,C,?,E,E,C,D,E,?,?,?,E,?,C,D,?,E,C,?,E,?,C,?,D,?,Khong Dat
E,?,C,E,?,?,E,C,C,E,C,C,D,C,D,E,?,D,?,?,?,D,E,C,E,?,E,D,?,?,C,E,?,C,E,E,D,?,?,C,?,C,?,?,?,D,D,E,?,?,E,Khong Dat
?,E,C,C,?,D,E,E,D,E,D,E,E,?,E,D,?,E,D,?,E,?,?,E,D,?,?,D,?,E,E,D,C,?,?,D,?,?,E,?,D,D,?,?,E,?,E,E,?,D,E,Khong Dat
E,E,?,?,?,C,C,D,E,C,D,D,?,E,E,C,E,?,?,D,E,E,E,?,E,?,?,?,?,?,C,E,C,E,C,D,E,?,D,C,C,E,D,?,C,?,D,D,E,D,D,Khong Dat
?,?,?,E,E,C,D,E,E,?,E,D,?,E,E,C,D,?,E,?,E,C,C,?,?,?,?,?,E,E,E,E,E,E,?,D,?,D,E,D,C,?,?,?,E,E,?,D,?,E,E,Khong Dat
?,C,?,?,E,E,?,C,C,D,?,D,?,E,D,C,D,?,C,?,E,?,E,?,E,?,?,E,?,E,E,C,?,E,E,E,?,E,?,?,?,E,?,?,?,?,?,?,D,E,?,Khong Dat
E,?,?,D,C,?,D,E,E,E,E,D,?,E,D,C,?,?,E,?,?,D,?,E,D,?,?,E,?,?,?,E,C,D,E,E,?,E,?,C,E,E,?,E,E,E,?,E,D,E,E,Khong Dat
E,C,?,?,E,?,E,E,E,C,?,D,?,?,?,?,?,D,E,D,?,C,C,?,?,E,?,C,?,?,?,C,C,C,C,?,D,?,?,?,E,?,?,?,D,E,E,E,?,C,?,Khong Dat
E,E,?,?,D,?,?,E,D,D,?,E,D,C,?,E,D,E,?,?,E,C,E,C,?,?,?,E,?,?,E,?,?,E,?,E,?,?,E,C,C,E,?,E,E,?,?,?,E,D,D,Khong Dat
C,?,?,D,?,C,D,?,E,?,E,D,?,C,?,D,?,E,E,?,D,D,?,E,?,?,E,E,?,?,E,E,D,D,C,?,?,?,?,C,E,E,D,?,E,E,?,D,?,E,D,Khong Dat
?,?,?,E,E,E,?,?,E,E,D,E,D,E,E,C,?,?,?,E,E,E,?,D,?,?,?,D,D,?,D,E,?,E,E,D,?,?,?,C,E,C,E,E,?,E,?,?,E,E,C,Khong Dat
E,D,C,D,?,C,?,?,?,?,?,?,?,E,?,C,D,?,D,?,?,E,C,?,?,E,?,C,?,?,?,C,E,E,D,?,D,?,?,C,E,E,?,E,C,D,E,E,E,?,E,Khong Dat
E,?,E,E,?,C,?,C,?,?,D,?,E,E,?,E,?,?,E,E,E,E,C,?,D,E,E,?,E,?,C,D,C,E,C,E,?,?,D,C,?,C,?,?,?,?,?,?,E,?,?,Khong Dat
C,D,C,?,?,D,E,D,?,?,D,E,?,E,?,D,D,?,D,?,?,C,?,D,?,D,?,D,?,E,C,C,E,E,C,?,E,?,?,C,E,?,?,?,?,?,?,E,E,?,D,Khong Dat
D,?,E,?,C,E,?,D,?,E,E,E,?,E,E,E,E,?,?,D,?,E,E,E,D,?,?,?,?,?,C,E,E,D,D,E,E,E,?,E,?,D,E,D,D,E,?,E,D,E,E,Khong Dat
E,?,?,?,?,E,E,C,E,?,E,E,?,?,E,E,E,D,C,?,E,E,?,E,?,?,E,E,?,?,E,C,C,D,E,D,D,?,D,?,?,E,E,?,D,?,?,E,?,?,?,Khong Dat
C,E,?,D,C,?,?,?,?,E,?,E,E,?,E,E,E,?,C,?,E,C,?,E,E,?,?,C,?,E,D,?,E,E,D,E,?,E,?,E,?,E,?,?,?,D,E,E,E,?,E,Khong Dat
?,?,E,C,E,?,D,E,D,D,E,?,C,E,E,?,E,?,?,E,?,?,?,E,?,?,?,?,?,?,?,E,E,?,C,E,E,?,E,?,E,D,E,?,?,E,D,D,E,?,E,Khong Dat
?,C,E,E,E,E,?,?,C,?,?,?,?,?,D,E,?,E,D,E,C,E,E,E,E,?,E,?,E,?,E,E,C,?,C,D,E,?,?,E,?,E,D,?,?,?,?,?,E,?,?,Khong Dat
?,?,?,C,E,C,D,C,C,E,?,E,E,D,E,?,?,?,D,E,?,E,D,C,?,E,?,C,D,E,?,D,?,D,D,E,?,?,E,E,E,E,E,?,E,E,?,D,?,D,?,Khong Dat
D,C,D,E,?,?,?,?,D,?,E,C,D,C,?,D,E,?,E,?,?,?,C,C,E,E,D,E,?,?,E,C,D,D,E,?,?,?,?,?,E,E,D,?,?,?,E,?,?,D,E,Khong Dat
?,?,?,E,E,E,E,?,D,C,?,D,?,?,E,D,D,E,E,E,E,?,D,C,E,E,?,?,?,?,C,C,E,D,C,E,?,E,?,?,C,?,?,?,C,?,?,?,?,E,E,Khong Dat
E,C,?,?,E,D,D,C,?,?,E,C,?,C,?,D,?,?,?,?,?,?,?,?,?,?,?,C,E,E,E,C,D,?,D,E,?,E,E,?,E,D,?,D,D,?,?,C,E,?,D,Khong Dat
?,E,E,?,?,E,E,D,?,E,E,D,?,C,E,E,?,?,E,E,?,C,?,D,?,?,D,C,E,E,C,E,E,D,C,E,?,E,E,D,E,?,?,?,C,E,E,?,?,?,?,Khong Dat
E,D,?,D,?,E,?,?,D,E,C,C,?,?,?,?,?,B,C,E,E,D,E,C,B,E,E,E,D,E,E,E,D,?,B,D,?,D,?,E,C,E,?,C,B,D,?,E,B,B,E,Khong Dat
E,C,C,?,D,C,?,?,E,E,?,E,E,E,E,D,?,E,?,E,?,E,?,D,?,?,?,D,D,?,E,C,E,E,?,E,E,E,D,E,C,C,?,E,E,D,?,?,?,?,E,Khong Dat
?,E,D,?,E,E,C,?,?,?,E,D,?,C,?,D,D,?,D,?,E,?,?,E,?,D,E,C,?,E,E,D,C,?,C,?,E,E,?,E,?,?,?,?,E,?,E,E,E,?,?,Khong Dat
C,D,C,?,?,?,?,?,D,E,C,E,E,D,E,E,?,D,E,E,E,E,E,E,E,D,E,C,?,E,D,C,E,?,C,?,D,?,?,?,C,E,?,?,D,D,D,C,?,?,?,Khong Dat
C,E,E,?,E,?,C,?,?,?,?,?,?,?,E,D,?,D,C,?,D,E,E,D,?,?,?,?,?,E,D,C,?,E,C,?,E,E,?,?,?,C,?,?,D,C,D,D,?,?,D,Khong Dat
D,?,?,?,D,D,D,D,D,C,?,E,E,D,?,E,?,?,E,D,?,E,C,?,?,D,?,E,D,D,E,?,C,D,E,?,E,?,E,E,?,C,E,?,?,?,D,?,D,?,E,Khong Dat
D,?,D,D,E,D,?,?,?,E,C,?,?,?,D,C,?,E,D,?,?,C,D,C,D,E,E,?,?,E,E,D,E,D,E,?,?,?,?,E,D,E,E,?,D,?,D,C,?,?,?,Khong Dat
?,?,E,C,E,?,?,?,C,C,E,C,?,C,E,E,?,?,?,?,?,E,D,C,?,?,?,?,?,E,D,E,C,E,D,E,D,E,?,E,C,?,D,?,E,D,D,E,?,E,?,Khong Dat
D,E,D,?,D,?,C,E,E,?,D,C,?,E,?,?,?,E,C,E,D,E,C,D,?,?,?,C,?,E,E,E,?,C,C,?,E,?,?,D,E,D,?,?,E,?,E,C,E,E,D,Khong Dat
?,E,?,?,C,E,?,?,E,E,D,C,D,C,?,?,?,D,?,D,E,E,?,D,?,?,?,?,?,?,E,C,C,?,E,E,E,D,D,E,D,?,?,D,E,?,?,E,?,?,?,Khong Dat
C,D,?,C,E,D,?,C,?,?,?,D,E,D,?,E,?,?,?,E,?,C,E,C,?,D,E,E,D,E,D,C,?,D,E,?,E,?,?,E,E,C,?,C,E,E,?,E,D,?,?,Khong Dat
?,?,E,E,E,E,D,D,D,C,D,E,D,C,?,E,?,?,?,D,?,E,D,E,?,?,E,?,E,E,C,C,D,C,C,?,E,?,E,C,E,E,E,E,?,?,?,?,?,?,?,Khong Dat
C,?,E,C,E,?,E,?,?,C,?,E,?,?,?,E,?,?,E,?,D,E,?,E,D,D,D,C,E,?,D,D,E,E,C,?,?,E,?,E,D,?,E,?,E,?,?,?,?,?,D,Khong Dat
?,E,E,E,?,D,C,C,C,E,C,D,?,?,?,E,E,?,C,?,E,C,C,?,?,?,?,C,D,E,C,C,E,C,?,D,?,?,D,C,?,D,?,?,?,?,D,C,?,?,E,Khong Dat
C,E,D,C,?,C,?,C,C,?,C,?,E,D,D,C,E,D,?,?,?,E,E,E,E,?,E,?,?,E,D,D,?,E,C,?,?,E,E,D,?,C,E,D,?,E,E,?,D,?,E,Khong Dat
?,E,C,?,E,D,D,D,C,?,C,E,D,?,?,C,D,D,C,D,?,?,E,E,?,E,D,C,?,?,E,E,?,E,?,D,?,?,?,?,C,E,?,?,E,?,?,?,?,D,?,Khong Dat
D,E,?,?,C,?,E,?,?,C,?,C,D,C,?,?,?,D,C,?,?,E,E,C,E,D,?,E,E,D,?,?,D,C,D,D,?,?,E,D,D,?,?,?,C,E,?,C,E,D,?,Khong Dat
?,?,E,?,E,?,E,C,D,E,E,?,E,?,D,C,E,?,C,C,E,C,C,C,D,E,?,E,D,E,C,C,C,D,C,?,?,?,?,C,E,E,D,?,C,?,E,?,E,E,E,Khong Dat
E,?,?,?,D,C,E,?,C,E,D,?,E,E,E,E,?,E,D,E,E,C,?,E,?,D,E,C,?,?,C,D,D,?,C,E,D,?,?,?,?,D,E,E,E,?,E,E,E,?,?,Khong Dat
D,?,?,E,D,D,E,E,?,C,E,E,?,E,?,D,E,?,E,C,?,D,C,E,?,?,?,?,D,D,?,D,E,D,E,?,?,?,?,D,E,E,E,D,D,E,?,?,?,?,?,Khong Dat
?,D,E,E,E,E,E,C,E,?,C,E,D,E,?,C,?,?,?,E,E,C,C,E,E,?,?,D,?,E,E,?,D,E,E,?,?,E,?,E,?,?,?,?,D,D,?,E,?,?,E,Khong Dat
D,D,C,D,C,?,E,E,D,?,E,E,?,D,?,E,?,?,D,?,?,E,E,E,?,?,?,D,?,E,?,?,E,D,?,E,?,E,?,E,E,?,E,E,E,?,D,D,D,?,E,Khong Dat
B,E,E,B,B,E,C,E,B,E,E,?,E,E,E,?,D,?,C,E,E,E,?,?,D,?,?,C,?,C,?,C,?,?,D,D,C,E,E,?,D,C,?,E,E,?,C,C,E,D,C,Trung Binh
E,D,D,C,A,E,C,D,E,B,D,C,E,D,E,?,?,E,E,D,D,E,?,E,D,D,E,C,C,D,D,E,?,E,D,E,?,?,E,C,D,E,C,E,E,E,E,E,C,E,E,Trung Binh
C,C,C,C,E,C,B,C,D,E,E,E,?,E,D,D,E,?,C,?,D,E,?,?,E,E,E,E,D,?,?,?,E,C,E,E,?,?,?,E,E,C,E,D,E,?,D,E,E,D,?,Trung Binh
B,C,B,C,C,E,D,A,C,C,E,D,?,D,?,E,E,E,?,E,E,D,E,D,D,E,?,C,?,E,C,D,C,D,D,?,D,E,E,?,E,?,D,C,C,D,E,E,E,C,?,Trung Binh
B,E,D,D,B,A,A,A,B,A,C,E,D,?,E,C,D,E,D,D,C,?,E,?,D,E,?,C,C,?,E,E,?,D,D,C,E,E,E,D,?,D,E,E,C,E,?,E,D,E,D,Trung Binh
A,E,E,C,E,A,B,D,B,D,D,D,?,C,E,C,D,E,C,C,?,C,E,?,D,E,E,?,?,?,D,E,D,D,?,?,E,?,C,?,?,E,C,C,?,E,?,E,E,D,D,Trung Binh
C,A,E,D,C,B,B,E,B,C,E,C,E,C,E,?,E,D,E,D,?,D,C,D,E,E,E,?,E,C,?,E,?,?,D,E,E,D,?,?,?,C,?,E,D,E,E,?,?,E,E,Trung Binh
E,E,E,B,B,E,D,E,D,E,E,E,E,D,?,?,E,E,D,D,?,E,?,E,E,D,E,?,E,?,?,?,?,D,C,?,E,E,C,D,?,D,D,E,E,?,?,C,?,?,E,Trung Binh
C,E,C,C,A,C,C,D,C,D,C,?,E,E,E,?,D,C,E,D,C,?,?,D,?,C,D,E,?,E,?,D,E,E,E,E,?,E,E,?,?,C,D,D,E,?,E,C,D,D,E,Trung Binh
A,A,A,D,E,B,D,B,C,A,C,E,E,C,?,C,E,C,?,?,D,D,E,C,D,E,E,?,?,C,E,?,D,E,C,E,D,E,E,E,C,E,?,?,D,C,E,C,E,E,E,Trung Binh
E,C,B,B,E,D,E,B,C,E,E,D,C,?,?,?,C,D,E,E,C,?,D,?,C,?,E,E,C,E,?,E,E,D,?,C,E,D,?,C,D,D,?,E,D,E,E,?,D,E,D,Trung Binh
E,C,B,B,E,E,E,C,A,C,?,E,E,E,C,?,D,?,E,?,C,D,E,?,?,E,?,E,?,?,E,D,?,D,E,C,?,E,D,E,?,?,C,C,E,E,E,E,?,C,C,Trung Binh
B,B,E,B,A,C,C,B,C,E,?,E,D,C,E,D,C,D,?,C,D,E,?,E,?,D,E,?,E,?,D,D,?,?,?,?,?,E,E,C,C,?,?,C,C,E,E,?,D,E,D,Trung Binh
A,A,D,C,D,B,A,C,C,B,?,?,C,?,E,C,E,C,E,?,E,?,C,E,E,E,?,C,E,?,D,?,?,?,D,C,D,C,?,?,E,C,C,E,E,?,?,?,E,C,D,Trung Binh
C,C,A,E,A,C,E,C,E,A,E,D,?,?,?,D,?,D,C,?,?,?,D,D,D,D,E,E,D,C,D,E,E,E,E,E,D,D,C,C,D,E,D,E,E,?,E,E,E,E,?,Trung Binh
E,A,D,D,A,A,C,A,D,E,?,D,C,E,?,E,C,?,D,E,D,D,D,E,?,E,E,E,D,E,?,?,D,D,C,E,E,?,D,E,?,?,C,E,D,E,E,?,?,E,C,Trung Binh
B,D,B,E,D,C,B,E,C,E,E,E,?,E,?,?,D,E,E,E,?,E,E,D,?,?,C,E,E,D,E,E,D,E,?,E,E,?,D,?,C,D,D,E,E,D,C,?,E,E,?,Trung Binh
A,A,A,E,B,E,B,C,E,E,E,E,E,?,C,?,C,D,?,E,D,D,?,C,E,?,D,?,E,C,?,E,?,E,?,?,E,E,C,E,C,D,D,E,?,D,E,D,E,D,C,Trung Binh
B,D,E,A,C,E,C,D,C,A,E,C,?,C,D,E,E,D,?,C,D,E,?,D,D,C,C,?,E,D,?,E,E,E,E,E,E,C,C,E,E,D,D,E,E,E,E,E,?,?,C,Trung Binh
E,D,D,E,E,E,E,E,E,E,E,E,C,?,?,E,?,?,?,E,E,E,D,E,?,E,D,E,E,C,E,C,E,?,C,E,C,E,D,E,D,E,E,?,?,C,D,D,C,E,C,Trung Binh
A,E,A,D,E,C,D,C,A,E,D,E,?,E,D,D,D,D,E,D,D,C,E,E,?,E,C,E,E,?,?,?,?,?,?,C,D,C,D,C,E,C,C,E,?,?,E,?,E,?,C,Trung Binh
C,E,A,C,B,D,E,E,A,B,E,E,D,C,C,E,E,E,C,D,D,E,D,C,E,D,D,E,E,D,D,E,?,D,D,E,D,C,?,C,D,E,?,D,E,?,?,?,E,D,D,Trung Binh
E,E,A,C,E,E,E,E,C,C,E,E,?,?,C,D,E,E,C,?,E,D,?,?,D,D,?,E,?,E,C,D,D,C,E,D,?,D,D,?,E,?,?,E,D,D,E,?,C,?,E,Trung Binh
E,C,E,B,B,E,D,A,C,E,?,E,?,E,D,D,C,?,E,C,D,E,?,E,?,E,?,C,C,E,E,E,?,?,?,E,?,C,?,C,E,D,D,C,D,?,E,C,?,C,?,Trung Binh
B,A,E,C,B,A,D,B,B,C,D,E,?,D,E,C,D,E,?,D,?,D,E,D,?,D,?,E,D,D,C,C,E,D,E,E,C,?,?,E,?,E,E,E,E,E,E,E,C,E,E,Trung Binh
A,A,E,E,C,A,C,C,A,D,D,?,?,D,?,D,?,?,E,D,E,E,?,E,E,E,C,?,?,E,D,?,D,E,E,C,E,E,E,?,?,C,?,D,E,?,E,D,?,D,C,Trung Binh
A,E,C,A,E,E,D,C,A,C,E,D,C,E,?,E,C,C,E,?,?,?,?,E,?,E,D,E,E,C,E,E,E,E,?,D,E,D,E,?,D,?,D,E,D,?,D,?,C,D,?,Trung Binh
C,B,C,A,C,A,C,E,E,D,E,?,?,D,E,E,?,E,E,C,?,D,?,E,E,?,E,D,?,D,E,C,E,D,?,C,E,E,E,?,E,?,?,?,?,?,E,E,E,E,E,Trung Binh
B,C,A,E,E,B,C,C,E,E,D,C,?,D,D,?,?,C,E,E,E,D,E,?,E,D,C,D,?,D,E,?,E,?,D,?,D,D,C,E,C,?,D,E,?,D,D,E,E,D,?,Trung Binh
B,E,E,A,A,A,B,B,E,C,?,E,E,C,C,E,D,E,E,?,E,D,?,?,D,D,?,D,?,C,E,D,E,C,E,D,?,D,C,E,E,D,?,E,E,E,?,?,?,E,?,Trung Binh
E,C,A,C,A,B,A,E,B,A,?,E,D,?,E,E,E,E,E,?,E,C,?,E,?,D,E,?,?,E,?,E,E,E,?,D,D,E,?,E,E,C,C,E,E,C,E,C,E,E,C,Trung Binh
B,B,A,C,E,B,D,B,D,C,E,?,C,?,E,E,D,E,D,?,E,C,E,?,?,E,E,E,D,?,?,E,E,D,C,?,?,?,?,E,D,C,C,?,?,C,C,E,?,E,E,Trung Binh
A,A,A,C,B,D,E,C,A,C,?,C,E,C,E,E,E,D,E,D,?,?,D,C,E,C,E,D,E,D,?,C,E,D,D,D,D,D,E,D,E,?,?,C,?,?,?,D,E,D,E,Trung Binh
C,E,C,E,D,A,A,C,E,C,?,?,D,D,E,E,E,E,E,E,E,E,?,E,E,D,E,E,?,?,C,C,D,E,D,?,C,D,E,E,E,E,?,?,?,D,?,E,D,D,E,Trung Binh
C,C,C,C,D,A,D,E,A,B,?,E,C,C,E,E,D,D,?,E,E,D,E,?,D,?,D,C,?,?,?,D,D,D,E,E,E,C,D,?,E,E,C,?,C,?,E,?,E,E,?,Trung Binh
A,C,E,B,E,E,E,A,B,E,?,D,E,?,?,D,E,?,C,E,C,?,E,E,?,D,C,C,D,C,D,E,?,C,C,E,?,E,C,E,?,E,E,E,E,D,D,E,?,E,?,Trung Binh
D,D,B,A,C,D,D,E,C,E,E,C,D,C,D,E,E,E,D,?,D,E,D,C,E,C,E,?,?,?,E,?,C,D,E,E,D,E,C,D,D,?,?,?,?,D,E,E,E,D,E,Trung Binh
E,D,B,C,B,C,D,B,B,A,D,E,E,D,E,E,E,E,?,E,E,?,?,?,?,E,E,D,D,C,D,E,E,E,E,E,E,E,E,E,C,C,E,?,D,E,D,C,D,E,E,Trung Binh
C,D,A,E,C,A,D,C,A,C,E,C,C,E,C,D,?,?,D,E,E,E,C,C,D,C,D,?,?,?,E,?,D,D,D,?,?,D,?,C,?,?,D,D,?,E,E,?,?,E,E,Trung Binh
E,D,D,C,D,B,B,E,C,C,C,D,?,C,?,?,E,E,D,?,E,D,?,D,?,E,?,E,D,D,C,?,D,D,D,E,?,E,E,D,E,?,C,E,D,E,?,E,C,C,?,Trung Binh
E,D,E,C,C,A,C,E,A,A,?,E,E,E,E,?,E,?,C,D,E,E,?,E,D,C,E,E,?,D,E,C,C,C,D,E,E,?,?,E,E,?,E,E,E,E,C,C,E,E,E,Trung Binh
C,B,C,C,D,C,B,E,A,B,?,C,?,E,E,E,?,D,E,D,E,D,?,E,E,D,E,D,?,D,E,?,?,E,?,E,E,E,C,E,C,D,E,?,?,D,?,?,?,C,E,Trung Binh
B,C,B,B,B,E,D,C,B,D,E,C,E,E,E,E,C,C,E,?,E,E,E,?,?,E,E,?,C,E,?,E,D,E,?,?,C,D,E,E,D,C,E,?,?,E,E,E,?,?,?,Trung Binh
B,E,E,A,C,B,E,A,D,B,?,E,?,C,E,C,?,C,D,E,?,?,D,?,?,E,D,C,?,C,E,C,?,D,C,E,?,E,E,C,E,E,E,E,E,?,D,?,C,E,E,Trung Binh
A,A,D,C,B,B,B,E,B,A,E,D,D,C,E,C,C,E,C,C,D,E,C,D,D,E,E,?,?,C,?,?,?,E,E,E,D,?,C,C,E,C,E,E,D,C,C,D,E,D,?,Trung Binh
D,E,A,B,B,D,A,A,E,A,?,D,C,E,D,E,?,E,?,E,D,E,E,E,E,E,E,E,E,E,D,C,E,D,E,D,D,E,C,?,?,D,C,?,D,E,E,C,?,?,D,Trung Binh
B,B,A,B,D,C,A,C,B,E,?,?,C,?,E,E,?,?,E,D,E,?,D,E,E,E,?,D,D,E,C,E,C,D,D,C,D,E,E,E,?,E,E,D,D,D,E,E,D,?,D,Trung Binh
A,D,B,A,A,B,A,C,C,C,E,D,D,D,D,?,E,E,D,?,E,D,E,D,D,E,C,E,D,E,C,E,E,E,?,E,D,?,C,E,D,?,?,E,C,E,?,?,D,E,E,Trung Binh
E,C,B,D,D,E,C,B,D,B,D,D,?,?,D,E,D,C,E,C,?,D,D,E,C,C,E,?,C,E,C,E,E,D,E,E,E,E,E,?,D,?,C,C,E,?,E,?,E,C,?,Trung Binh
A,E,A,D,B,C,C,D,D,E,E,C,?,?,D,?,?,?,D,?,E,E,E,?,?,?,?,C,D,?,D,C,D,D,?,C,?,E,D,D,?,D,E,E,E,E,?,?,D,E,D,Trung Binh
C,D,A,B,E,B,D,A,E,C,?,?,E,C,D,D,E,?,?,?,E,E,E,E,C,?,C,?,C,?,C,D,E,C,?,C,E,D,C,D,?,E,C,?,E,E,?,?,?,D,E,Trung Binh
A,E,B,C,B,C,E,C,A,E,D,?,D,?,C,D,E,D,?,D,E,C,?,E,?,E,E,?,C,C,E,E,D,E,E,?,C,?,E,?,D,?,C,D,D,D,?,E,?,E,C,Trung Binh
C,D,E,C,B,C,E,A,C,C,E,E,E,?,C,E,?,D,?,?,?,E,D,?,D,E,C,E,E,?,E,?,C,E,?,C,C,E,?,E,D,E,D,C,D,D,D,C,E,C,?,Trung Binh
B,D,C,B,A,E,E,B,E,A,?,E,D,C,E,D,D,D,E,E,?,?,E,E,?,D,D,E,E,C,D,C,C,D,?,E,D,?,E,?,?,E,?,D,?,?,E,C,C,?,E,Trung Binh
B,B,A,E,E,B,B,B,C,E,E,C,C,C,?,C,?,E,?,E,E,C,E,E,?,?,D,D,E,?,?,D,D,C,?,?,?,D,D,?,D,C,E,E,E,D,?,D,?,E,C,Trung Binh
C,C,A,E,B,A,A,B,B,C,E,D,E,?,D,E,E,E,D,?,D,D,?,?,E,D,E,?,E,C,E,E,E,E,E,?,C,D,E,?,E,E,E,E,E,E,E,E,?,?,E,Trung Binh
A,C,D,C,E,C,B,B,A,E,E,D,E,C,E,E,C,E,?,?,C,E,E,?,E,D,D,?,?,?,C,?,?,E,?,C,E,E,?,E,?,E,C,D,E,E,D,D,C,E,D,Trung Binh
C,B,E,E,E,D,B,C,E,E,C,C,D,C,E,C,?,?,D,D,?,?,C,C,E,E,E,E,E,E,E,?,?,?,E,?,?,D,?,D,?,E,E,E,?,D,E,E,D,?,?,Trung Binh
B,C,E,B,E,C,D,D,A,A,E,E,C,E,E,?,C,E,E,?,E,?,C,E,?,?,E,D,E,E,E,D,E,E,E,C,E,E,?,E,?,E,?,?,E,E,D,E,E,?,D,Trung Binh
C,A,C,A,A,C,E,C,A,C,?,E,E,?,?,?,E,D,E,?,D,E,D,E,?,?,E,C,?,?,D,E,D,D,E,?,?,C,?,?,E,C,E,?,?,C,?,D,E,?,?,Trung Binh
B,B,B,D,A,B,E,D,A,E,?,E,E,C,C,E,?,E,?,?,?,E,?,C,?,D,?,C,D,E,E,?,E,E,C,E,C,C,D,D,E,C,E,?,C,D,E,?,E,C,E,Trung Binh
A,B,E,A,E,A,B,D,D,C,?,?,E,E,E,?,?,D,E,E,?,C,C,C,C,C,E,E,D,C,?,E,D,?,D,C,C,E,E,E,?,E,?,?,?,?,E,E,?,E,D,Trung Binh
C,A,A,B,A,C,D,A,A,D,?,E,E,D,D,E,D,E,?,?,E,D,D,E,E,?,?,C,E,D,E,C,D,?,E,D,E,E,E,?,?,C,?,E,D,?,C,E,E,C,D,Trung Binh
E,B,B,C,D,C,A,B,E,C,E,?,?,E,C,D,C,E,D,E,?,D,D,E,E,D,D,?,C,?,E,E,E,E,?,C,E,?,?,?,E,C,D,?,C,E,?,E,?,E,C,Trung Binh
A,E,E,C,D,A,A,E,D,C,?,C,E,D,?,D,D,E,D,E,C,E,C,E,?,?,?,?,?,D,E,C,E,E,E,?,?,D,E,?,D,D,D,?,?,D,D,C,D,?,C,Trung Binh
A,B,D,B,D,C,D,B,A,B,D,E,?,C,C,C,D,E,E,C,E,D,E,C,C,?,C,?,C,E,E,D,E,D,E,D,E,?,C,C,D,E,?,?,C,?,E,E,?,?,?,Trung Binh
E,C,B,E,C,E,B,D,B,D,D,C,E,C,E,D,E,?,?,?,C,?,E,E,E,C,C,D,D,E,?,D,E,?,E,E,?,D,?,E,E,?,D,?,D,C,E,E,C,?,D,Trung Binh
C,C,A,C,C,D,B,E,C,A,D,?,E,E,E,C,E,C,?,C,E,D,C,D,E,E,?,E,C,E,E,D,D,D,E,?,E,E,E,?,D,?,D,E,?,?,C,E,C,?,C,Trung Binh
D,A,A,A,E,E,A,D,D,C,?,?,D,?,D,E,D,E,E,E,E,?,D,E,C,E,D,E,E,D,E,D,C,E,E,D,?,D,?,D,E,D,E,C,?,?,C,D,D,?,E,Trung Binh
E,D,D,B,B,A,E,E,B,B,E,?,?,?,E,D,?,E,D,E,?,?,?,?,C,E,C,?,D,C,C,D,?,D,E,?,D,D,E,?,E,E,E,?,E,C,D,E,E,E,?,Trung Binh
A,D,A,B,A,C,E,C,E,A,E,C,D,C,D,?,C,E,?,D,C,?,E,E,E,C,C,D,E,E,E,?,E,?,?,E,D,D,D,C,?,D,D,D,E,E,?,?,D,D,?,Trung Binh
D,A,E,B,D,E,E,E,A,E,D,E,?,E,E,E,C,C,E,D,C,E,D,D,D,D,?,E,?,E,E,?,E,E,?,E,?,?,E,E,C,?,E,E,?,E,E,?,E,?,D,Trung Binh
A,D,A,A,B,C,C,C,A,E,E,E,E,E,?,E,E,?,D,D,?,E,?,D,E,C,E,?,E,D,E,E,E,E,E,D,E,C,C,E,E,C,E,?,C,E,?,E,C,?,C,Trung Binh
E,E,D,A,A,D,C,D,A,A,E,?,E,E,E,?,E,C,?,C,?,D,E,?,E,E,E,?,?,D,?,?,E,?,D,C,E,D,?,C,D,E,E,E,D,D,?,?,C,E,E,Trung Binh
E,A,C,C,D,A,B,C,E,B,?,C,D,D,?,?,E,E,D,D,?,E,C,D,D,D,E,E,E,C,D,E,D,E,D,C,E,D,E,D,?,E,C,D,E,E,E,?,D,D,E,Trung Binh
A,E,A,A,E,B,C,E,A,A,?,?,E,?,E,D,E,D,E,C,E,D,?,E,E,D,?,E,C,D,?,D,D,E,E,E,?,E,E,?,D,D,?,?,?,E,C,?,D,E,D,Trung Binh
D,D,E,C,C,A,E,E,C,E,E,?,E,C,E,E,?,C,?,D,?,E,?,?,?,C,C,?,E,?,?,C,D,C,E,?,E,?,?,D,E,?,E,E,E,C,C,E,D,C,?,Trung Binh
A,A,B,D,E,C,E,D,D,B,E,?,C,E,E,E,D,E,E,E,C,?,D,D,?,E,C,C,?,?,E,D,E,D,E,E,C,C,E,E,?,?,?,?,C,?,D,?,?,C,E,Trung Binh
E,D,E,C,C,D,C,A,B,E,E,E,?,E,?,?,D,E,D,?,E,C,C,?,?,C,E,C,?,?,E,D,D,E,E,D,C,C,C,D,D,D,D,E,?,E,E,E,E,?,C,Trung Binh
A,C,B,B,C,B,C,A,A,E,D,?,D,D,E,?,E,E,E,E,?,?,?,E,E,D,?,E,E,C,?,E,E,?,D,E,E,?,E,E,C,?,E,D,?,C,?,C,D,C,E,Trung Binh
B,D,C,E,D,A,E,B,D,E,E,E,E,E,?,E,E,D,D,E,E,D,?,E,D,?,E,E,D,?,?,D,E,D,?,E,E,E,E,E,E,C,E,?,E,E,E,E,D,E,?,Trung Binh
D,C,A,E,A,C,D,C,E,B,?,?,?,E,C,E,?,E,D,E,?,?,D,D,?,E,C,E,E,E,?,C,D,C,E,E,E,?,C,D,?,E,E,?,?,D,E,E,E,E,E,Trung Binh
C,A,C,C,A,E,C,D,E,D,E,D,D,?,?,D,D,?,?,C,C,E,E,D,E,E,D,E,?,E,E,E,?,D,?,E,D,D,E,E,D,E,C,E,E,E,C,?,?,E,D,Trung Binh
B,C,D,A,E,A,A,D,A,B,?,D,C,E,?,E,D,E,D,E,E,D,?,D,?,?,E,E,?,?,D,D,D,E,D,?,?,D,E,?,D,E,E,E,?,?,C,D,E,D,E,Trung Binh
A,B,A,C,E,E,D,C,C,D,?,?,C,C,?,C,C,E,E,?,C,?,E,E,?,?,C,E,?,C,?,D,E,E,D,C,?,E,E,D,C,E,C,E,E,D,?,E,E,C,E,Trung Binh
E,B,D,C,B,C,E,E,B,D,E,?,E,?,D,D,E,E,D,C,E,E,D,?,E,E,E,E,?,?,?,D,E,C,C,E,C,D,D,?,E,E,C,D,E,?,D,?,E,E,E,Trung Binh
A,A,A,E,E,E,E,B,A,E,E,?,?,D,E,D,D,C,E,C,C,E,E,E,E,C,C,E,C,D,C,?,?,?,C,?,E,D,C,E,D,D,?,?,C,C,E,?,D,E,?,Trung Binh
A,E,C,D,D,D,A,A,B,E,?,?,D,C,E,E,C,E,D,?,E,D,C,D,E,E,?,?,D,?,C,E,E,E,?,?,?,E,D,D,C,C,E,E,D,?,C,?,C,E,E,Trung Binh
A,B,E,D,B,A,D,A,E,E,E,?,E,C,D,E,D,?,E,D,E,C,?,E,C,E,C,?,C,E,D,D,C,D,?,C,E,?,E,C,C,C,E,?,E,C,C,C,D,D,E,Trung Binh
E,C,B,E,A,A,B,B,C,A,D,E,E,D,E,C,?,D,E,C,E,E,D,E,E,E,E,D,D,E,C,?,E,C,E,E,?,?,E,D,D,D,E,D,?,D,E,C,D,C,E,Trung Binh
A,A,E,A,C,E,E,E,B,E,?,E,D,E,C,C,C,E,C,E,E,D,D,D,E,E,D,D,E,D,C,E,E,C,?,D,C,D,C,D,?,?,?,D,?,E,?,?,?,D,D,Trung Binh
C,B,B,C,B,D,C,B,C,D,C,E,D,?,E,C,E,E,?,D,D,E,E,?,D,D,C,E,D,E,?,E,D,D,C,E,?,E,D,D,?,E,E,D,?,?,E,C,E,D,?,Trung Binh
B,C,B,E,C,D,A,B,A,B,?,E,E,?,E,?,?,E,?,?,C,E,?,C,E,E,?,?,D,?,E,?,E,E,E,?,?,E,C,D,E,C,D,E,E,D,E,E,?,C,E,Trung Binh
A,C,E,A,A,E,D,A,A,D,E,D,E,E,E,?,?,?,E,D,?,?,?,C,D,E,?,E,D,D,D,E,E,?,E,E,C,C,E,E,E,?,E,E,E,D,?,E,C,E,?,Trung Binh
A,D,D,C,C,A,D,C,A,A,E,C,E,E,E,E,D,C,D,D,?,?,?,E,?,E,?,D,?,E,E,E,C,?,D,D,E,E,?,D,?,E,?,D,E,C,C,C,E,D,?,Trung Binh
E,B,B,A,C,C,B,E,C,E,E,D,E,E,?,?,E,C,C,?,E,E,E,E,D,?,C,D,E,E,E,E,D,?,C,?,?,?,E,E,E,C,?,E,?,D,D,E,E,?,?,Trung Binh
C,C,E,B,A,C,E,A,E,C,E,?,D,D,C,D,?,D,E,E,D,D,?,E,?,E,C,E,?,D,?,D,D,?,E,E,?,E,?,C,E,E,D,E,D,E,E,C,C,C,?,Trung Binh
D,A,C,A,C,E,A,A,A,B,?,E,?,C,E,E,E,E,E,C,E,?,E,?,E,E,?,E,E,D,E,E,D,E,E,?,C,D,E,E,E,E,E,E,?,?,C,E,D,C,E,Trung Binh
C,C,E,D,E,B,B,E,B,B,E,E,E,D,E,?,D,C,?,D,C,E,?,C,D,D,E,C,?,D,E,C,C,C,?,E,E,E,?,?,E,D,D,?,?,?,C,D,?,?,?,Trung Binh
D,A,E,B,A,C,E,A,B,E,D,E,D,?,E,E,E,?,E,?,E,E,C,E,E,?,E,E,D,C,E,C,E,C,?,E,E,D,E,E,C,?,C,E,C,E,E,C,D,?,?,Trung Binh
B,A,D,A,E,B,E,A,A,C,D,?,E,D,D,D,?,D,C,E,C,?,D,?,C,?,C,E,E,E,?,D,?,E,?,D,E,E,E,?,?,E,E,D,?,?,D,?,E,C,?,Trung Binh
D,C,D,B,E,A,B,B,E,A,?,E,E,E,C,E,?,?,C,C,E,?,?,E,?,?,C,E,?,E,?,E,?,E,E,E,?,?,E,?,?,C,?,E,E,E,D,D,E,E,E,Trung Binh
E,A,D,E,D,E,A,E,B,E,?,C,E,D,C,C,?,C,C,?,C,E,E,?,?,?,E,D,?,?,D,C,?,?,D,D,D,?,E,D,C,E,C,?,E,C,E,E,D,?,?,Trung Binh
B,C,A,D,D,E,E,C,A,C,?,C,E,C,C,E,C,D,C,C,E,E,?,E,?,?,?,D,E,?,D,?,D,D,D,?,E,?,E,D,?,D,C,E,E,E,E,?,?,E,?,Trung Binh
E,E,D,C,C,A,B,C,D,A,?,E,D,E,?,D,D,E,E,D,C,?,D,D,C,E,E,E,D,?,E,C,E,D,?,D,D,E,C,E,E,?,E,E,D,E,D,E,E,C,C,Trung Binh
A,B,A,E,E,A,A,E,A,B,E,E,D,?,?,?,?,E,E,?,E,?,D,E,E,?,?,E,E,C,D,?,E,E,C,D,C,?,?,E,?,?,?,D,C,?,D,D,E,C,?,Trung Binh
C,B,A,C,C,C,D,E,C,A,E,?,E,?,E,E,?,E,C,?,?,D,D,C,E,E,?,E,E,?,E,E,D,E,?,?,D,E,C,D,E,C,?,C,?,E,E,C,C,?,E,Trung Binh
B,E,D,B,E,C,E,E,E,A,E,E,?,D,C,E,E,D,E,C,E,E,E,E,?,E,C,C,D,?,C,E,D,C,C,?,E,E,C,?,?,?,?,D,D,D,E,D,E,E,?,Trung Binh
D,C,C,A,B,A,E,A,B,C,?,D,?,C,E,E,E,D,E,C,D,?,C,C,E,D,E,?,C,?,?,E,?,?,D,E,C,?,D,?,?,E,E,D,?,E,?,E,C,E,C,Trung Binh
E,E,A,C,B,E,C,C,D,E,D,D,?,?,C,E,C,E,D,E,E,E,?,?,?,C,?,D,C,D,D,?,D,?,E,E,E,D,D,D,?,D,E,C,C,E,D,E,E,E,E,Trung Binh
E,B,B,B,D,E,A,E,C,D,C,E,?,C,C,E,C,?,?,D,D,?,?,C,C,C,D,?,?,D,?,?,E,?,?,?,D,E,?,E,?,?,E,?,C,E,E,C,?,C,E,Trung Binh
B,C,B,C,C,E,C,B,A,E,E,?,E,D,E,C,E,?,C,?,?,E,C,D,C,D,C,E,E,C,?,C,E,E,?,D,D,E,E,?,?,?,D,D,C,E,?,E,E,?,?,Trung Binh
B,B,E,C,E,A,C,B,B,A,D,?,D,?,?,E,D,?,?,?,E,C,?,C,E,E,?,E,E,D,E,C,D,E,C,E,E,D,?,E,E,E,E,?,E,D,C,E,?,E,?,Trung Binh
E,D,A,A,B,B,C,E,E,B,D,E,E,?,?,?,E,?,?,E,D,E,D,E,?,D,?,E,?,?,E,E,E,C,?,E,E,E,E,C,D,D,C,E,E,C,D,E,?,D,?,Trung Binh
C,B,B,C,A,A,C,A,E,B,E,C,E,D,E,?,?,?,?,C,?,E,E,E,E,E,?,E,E,D,E,E,E,?,E,E,E,E,?,E,D,E,?,?,?,E,D,?,C,C,C,Trung Binh
C,C,D,B,E,A,D,A,E,C,D,C,E,?,D,D,E,D,?,E,C,C,D,D,E,E,E,E,C,E,C,E,?,?,D,C,C,E,C,?,?,E,E,?,?,C,C,E,E,C,E,Trung Binh
C,C,C,B,A,A,C,B,B,D,?,E,D,D,E,C,E,D,E,E,D,C,E,?,?,D,D,E,C,E,D,D,D,E,?,?,C,?,?,?,E,E,C,D,D,?,?,D,E,?,E,Trung Binh
A,B,E,B,D,B,E,C,C,E,E,D,?,?,E,E,D,E,E,E,E,?,E,E,C,E,E,?,?,D,?,D,C,D,D,D,C,E,E,C,C,?,D,?,E,C,?,E,E,?,E,Trung Binh
E,D,E,B,A,E,C,E,E,B,C,D,E,E,C,C,E,?,?,C,D,C,D,E,D,C,E,E,D,E,C,D,?,?,E,C,D,C,?,D,E,D,D,E,C,?,?,D,D,E,D,Trung Binh
E,C,D,C,A,B,A,D,E,E,C,C,E,E,?,E,E,?,D,C,?,C,D,E,E,?,D,C,E,E,D,D,C,C,D,E,C,?,?,E,E,D,E,D,E,?,E,E,E,?,E,Trung Binh
E,B,E,C,B,B,C,A,C,E,C,C,?,E,D,E,D,D,C,?,C,?,C,C,D,E,E,E,?,E,C,C,?,C,E,?,E,E,D,C,D,D,D,E,?,D,E,?,E,D,?,Trung Binh
B,E,D,E,A,A,A,C,E,E,C,D,E,C,E,C,E,E,?,?,D,D,D,E,E,E,?,?,C,?,E,E,?,?,E,C,E,C,?,D,?,E,D,?,E,D,E,D,E,E,?,Trung Binh
A,B,E,C,D,E,C,E,D,C,?,D,?,E,?,?,E,E,E,?,D,E,E,C,C,E,E,?,E,D,?,E,D,C,E,E,?,C,?,C,?,E,E,E,?,?,E,C,E,C,C,Trung Binh
E,E,D,E,B,A,B,E,C,E,D,E,?,E,?,E,?,?,?,?,?,D,E,?,?,C,?,E,D,E,E,C,C,E,E,C,E,E,?,E,E,E,?,?,?,E,C,D,C,D,D,Trung Binh
A,E,A,E,C,C,B,A,B,A,E,D,E,C,D,?,E,E,?,?,D,C,?,E,E,E,E,C,C,E,?,?,E,D,E,C,E,E,D,C,?,E,?,?,?,?,D,?,?,D,?,Trung Binh
C,B,A,A,E,D,E,D,A,B,E,?,E,E,E,E,?,C,E,E,E,E,?,E,E,C,E,D,C,?,D,?,?,C,E,C,E,?,E,?,E,C,D,E,E,D,E,?,C,?,E,Trung Binh
C,E,D,A,E,E,D,C,C,B,E,D,E,E,C,?,E,E,C,?,E,C,E,E,D,D,D,?,C,D,E,C,C,E,D,E,D,D,C,E,E,C,D,E,E,?,E,E,D,E,D,Trung Binh
C,E,B,B,E,C,B,C,D,A,E,?,D,D,E,?,?,E,E,?,D,E,?,E,E,D,E,E,E,E,?,E,?,?,?,?,D,?,?,?,E,?,?,E,E,E,E,D,E,C,D,Trung Binh
A,E,E,A,A,B,E,C,C,E,D,?,E,C,E,C,C,C,D,E,?,E,?,?,D,E,?,E,C,E,E,C,E,E,C,E,C,?,E,D,D,E,?,?,?,?,E,?,E,?,E,Trung Binh
D,A,D,C,E,A,E,A,B,E,?,E,?,D,?,C,E,?,E,D,E,C,E,E,D,?,?,?,D,C,E,E,D,?,C,E,?,C,E,C,C,C,E,?,C,E,?,C,C,?,C,Trung Binh
B,E,E,D,A,E,B,D,B,B,E,D,D,D,?,E,?,?,E,E,C,?,D,?,E,?,E,E,E,C,E,?,?,E,?,E,D,E,?,?,E,?,D,C,D,D,?,C,?,D,C,Trung Binh
C,B,B,E,B,E,E,D,A,A,?,E,E,E,D,C,E,E,E,E,D,E,C,E,E,?,?,E,E,?,E,D,D,E,?,D,E,E,E,E,D,D,E,C,?,E,E,E,?,D,E,Trung Binh
A,A,B,E,B,B,A,C,C,D,?,E,E,E,E,E,D,E,D,?,?,E,D,D,E,E,D,E,D,?,?,?,E,E,?,C,E,C,?,D,C,?,C,?,E,D,E,C,C,E,?,Trung Binh
B,D,C,A,E,D,C,B,D,A,?,D,?,D,E,D,D,E,E,C,E,E,C,?,?,E,?,D,E,E,D,?,E,C,D,?,C,?,C,C,D,D,?,D,D,C,E,E,?,E,E,Trung Binh
E,C,C,B,E,C,C,C,C,E,D,C,C,E,?,E,?,E,D,C,E,?,E,E,E,E,C,?,E,E,E,E,?,?,?,?,E,D,E,E,?,D,D,D,?,?,?,D,?,C,?,Trung Binh
E,A,A,A,E,C,D,C,A,B,D,D,?,E,D,C,?,?,?,?,?,E,?,?,C,?,C,E,E,E,E,E,E,?,C,E,D,E,D,?,D,?,E,E,E,E,?,?,C,?,D,Trung Binh
E,E,B,A,E,C,E,A,E,E,?,E,?,?,D,E,C,E,?,?,?,?,D,C,E,D,E,E,E,E,E,?,D,E,E,E,E,?,C,E,?,C,?,E,?,?,?,E,?,?,E,Trung Binh
E,B,B,A,B,B,C,E,D,B,?,?,E,?,E,E,D,D,D,E,E,E,?,D,C,?,E,D,D,E,D,D,?,E,?,D,E,E,D,E,D,?,?,D,C,?,E,C,?,D,E,Trung Binh
E,A,C,C,A,E,A,E,B,A,?,?,D,E,?,D,C,?,D,E,E,D,C,D,?,C,C,?,E,E,?,D,?,D,C,E,?,E,E,E,D,D,E,E,?,?,E,?,E,?,E,Trung Binh
C,B,C,D,E,B,B,C,E,E,?,C,E,E,E,C,D,D,E,E,E,E,D,D,?,?,C,E,D,E,?,E,?,E,C,E,E,E,E,?,D,C,?,E,E,C,C,?,E,D,E,Trung Binh
B,C,C,C,C,B,A,B,E,C,E,E,?,C,?,E,E,?,?,E,D,D,E,?,E,D,C,?,D,C,E,?,D,E,D,?,C,?,D,?,?,?,?,?,C,E,C,E,E,E,?,Trung Binh
E,E,D,C,A,C,B,B,D,D,E,?,D,E,?,E,C,E,E,D,D,C,C,E,D,E,E,E,D,D,?,D,E,E,?,?,E,?,?,D,C,D,E,D,?,C,E,D,E,C,D,Trung Binh
A,E,B,C,C,C,B,C,C,A,D,C,?,E,E,?,E,?,E,?,E,E,?,E,E,?,C,E,?,?,E,E,C,E,D,D,E,?,E,C,D,D,E,E,E,D,D,?,E,?,D,Trung Binh
C,E,E,D,B,A,A,E,E,B,D,D,C,E,?,D,?,?,?,?,C,?,C,D,E,D,C,?,D,E,E,C,D,?,E,E,D,E,?,E,D,E,?,?,?,D,D,E,E,E,?,Trung Binh
A,D,A,A,E,B,B,E,B,E,C,E,E,C,E,?,?,D,E,E,E,E,E,E,E,E,E,E,?,D,C,?,E,E,D,E,E,?,C,?,?,C,E,E,?,?,D,?,?,E,E,Trung Binh
E,E,E,B,C,C,E,A,A,B,C,?,C,E,D,C,C,E,C,E,D,E,E,C,E,E,E,E,?,?,D,C,E,C,E,C,E,?,C,?,E,E,E,C,D,D,C,D,E,?,E,Trung Binh
D,E,B,E,A,A,B,A,D,B,?,E,C,D,E,?,?,D,C,?,?,E,?,E,D,E,?,C,E,C,?,?,?,C,C,E,?,C,E,E,D,E,?,E,C,?,D,D,D,E,E,Trung Binh
E,D,A,E,E,C,E,A,B,C,E,C,E,C,E,E,E,?,E,D,?,E,D,E,D,E,E,C,C,D,C,D,D,?,C,E,C,?,E,?,E,E,?,E,E,C,?,D,E,E,D,Trung Binh
E,C,C,E,C,D,C,E,C,B,E,?,C,E,?,E,C,E,C,E,C,?,?,?,?,E,?,E,?,E,?,?,C,C,E,E,E,?,D,D,E,C,E,D,E,?,D,E,E,E,E,Trung Binh
E,C,B,D,C,B,C,E,D,A,D,?,D,E,D,C,D,E,D,D,C,E,D,E,E,?,?,D,?,C,D,C,?,E,C,C,E,?,E,E,E,?,?,D,C,?,E,?,E,E,?,Trung Binh
C,B,C,E,B,A,A,E,B,E,D,?,D,C,E,?,C,?,D,E,C,?,D,?,E,?,D,?,E,?,E,D,?,E,E,C,C,E,?,E,E,?,E,E,E,D,?,D,C,E,?,Trung Binh
E,A,E,E,C,D,D,E,E,A,?,D,?,E,E,C,C,E,E,C,D,C,D,E,E,C,?,?,E,E,D,D,?,?,E,E,E,E,?,D,?,D,C,E,?,C,E,D,D,E,?,Trung Binh
A,A,E,A,D,E,B,A,D,A,C,?,E,E,E,C,?,?,E,D,?,D,C,C,?,E,E,?,D,C,E,E,E,?,C,E,E,D,?,E,D,C,C,D,?,D,?,D,D,?,?,Trung Binh
C,B,C,C,E,E,E,A,B,B,E,E,E,E,D,?,D,E,D,C,?,?,C,D,?,?,E,?,?,E,E,E,D,E,C,?,E,E,?,?,E,?,E,?,C,C,E,E,E,?,E,Trung Binh
E,E,A,B,B,A,C,B,E,D,D,E,?,?,E,?,E,D,C,C,D,E,E,?,?,E,E,D,E,E,E,D,E,D,E,E,D,?,?,C,?,E,C,D,E,?,?,E,?,D,C,Trung Binh
C,B,E,A,A,C,E,C,A,A,E,?,?,E,E,C,E,C,D,?,?,E,D,C,?,E,?,E,C,?,?,?,E,E,C,?,C,E,D,E,E,?,E,E,E,E,E,E,?,E,D,Trung Binh
A,B,B,E,C,B,E,D,D,D,?,D,E,?,?,D,E,E,D,?,D,C,E,E,?,C,E,E,E,D,E,?,C,C,C,C,?,?,C,D,E,E,D,C,C,D,C,?,?,C,E,Trung Binh
A,A,A,B,C,D,C,E,C,C,E,?,E,D,?,E,D,?,?,?,C,D,E,C,E,D,E,C,D,?,?,E,C,D,E,?,D,E,D,C,E,C,D,?,C,E,C,C,D,E,E,Trung Binh
B,D,C,C,C,D,E,B,A,B,?,E,C,D,E,?,?,?,?,E,E,D,E,D,C,?,C,E,E,E,D,E,D,E,E,?,D,D,D,E,?,C,E,D,C,?,C,E,?,E,E,Trung Binh
D,E,C,B,B,B,A,E,D,C,?,E,?,?,E,C,E,?,D,?,D,E,?,?,D,?,E,?,?,D,D,E,?,D,E,E,E,C,C,C,?,E,C,E,E,E,?,E,E,E,E,Trung Binh
A,D,E,B,B,E,A,E,A,A,E,E,E,D,D,D,?,E,E,C,D,C,?,E,E,E,E,E,E,D,E,?,?,C,D,E,?,?,D,?,D,?,?,?,?,E,C,D,?,D,D,Trung Binh
C,E,C,E,A,D,A,B,C,E,E,C,E,?,D,E,D,D,D,C,E,D,D,D,D,E,?,E,D,E,?,?,D,?,E,?,D,C,?,E,C,?,E,D,D,?,D,?,D,C,E,Trung Binh
A,B,E,B,A,C,A,E,D,E,E,?,E,C,?,E,E,E,E,?,?,D,C,E,E,D,D,?,E,E,?,D,D,D,C,E,C,?,D,?,D,E,E,E,?,D,E,?,C,D,D,Trung Binh
E,D,E,D,D,A,E,D,C,E,E,E,?,?,D,D,?,E,?,C,E,D,D,C,E,?,E,C,D,?,E,?,E,?,C,?,E,?,?,?,C,E,E,E,C,D,E,?,E,D,E,Trung Binh
E,B,A,E,E,B,C,C,D,E,E,?,E,E,C,?,E,E,?,D,D,D,E,?,E,E,C,?,D,?,E,E,?,?,E,?,C,C,C,D,D,?,E,D,E,?,E,?,E,E,E,Trung Binh
B,D,D,B,B,A,B,E,C,C,C,?,D,D,D,C,C,E,D,?,C,?,D,E,E,E,D,E,E,?,E,D,E,C,?,E,E,C,?,?,E,C,D,D,E,E,E,?,D,?,D,Trung Binh
E,C,A,D,E,E,E,A,E,E,E,E,C,?,D,C,C,?,?,?,E,E,D,?,?,E,E,C,C,?,D,D,E,D,E,D,C,?,?,E,D,C,E,E,D,E,D,?,E,D,E,Trung Binh
B,C,A,E,E,D,E,A,D,E,E,D,C,?,C,E,D,E,D,E,E,?,E,D,?,E,E,D,?,E,?,D,C,C,E,C,C,E,E,C,?,?,?,E,E,E,E,E,E,E,?,Trung Binh
B,A,A,B,D,B,B,A,E,A,E,E,?,C,?,E,?,?,?,E,?,E,C,?,?,?,D,?,?,?,C,E,E,E,?,?,?,C,E,C,?,E,D,E,D,D,E,E,?,E,C,Trung Binh
D,E,C,B,B,A,C,A,B,E,C,?,E,E,E,D,D,?,D,E,C,?,C,E,C,E,E,?,C,E,D,D,?,E,E,?,D,D,E,?,?,?,?,?,E,D,?,?,E,D,E,Trung Binh
A,C,A,D,C,D,C,C,C,B,D,C,E,E,E,E,?,?,?,?,D,E,C,C,E,?,?,?,E,?,E,?,D,D,?,?,E,?,?,?,D,C,E,E,?,D,?,E,D,D,?,Trung Binh
A,B,A,B,A,E,C,C,B,C,E,E,D,D,E,?,D,C,?,D,C,E,E,E,D,?,E,E,?,?,E,D,C,D,E,E,E,C,C,E,E,?,E,D,?,?,D,E,?,?,D,Trung Binh
C,C,A,C,E,D,C,C,B,A,E,D,?,D,D,E,?,D,D,E,D,E,?,C,?,D,E,C,D,E,?,D,C,D,?,?,?,C,?,E,E,?,C,?,?,C,D,C,C,E,C,Trung Binh
C,D,C,D,C,A,E,D,E,E,D,D,E,C,E,?,C,D,D,E,E,C,?,C,C,?,D,C,E,D,E,C,D,E,E,D,?,E,D,?,E,E,D,?,E,E,E,E,E,C,D,Trung Binh
B,E,E,D,A,E,B,A,B,D,E,?,E,E,E,E,E,C,D,C,E,?,E,D,E,?,D,?,D,?,C,E,D,D,C,E,E,C,?,C,?,E,C,?,?,E,?,E,E,D,D,Trung Binh
C,A,B,B,A,C,A,A,B,E,C,E,D,D,E,?,E,E,?,D,D,D,E,C,C,E,E,C,E,C,E,D,E,?,C,E,?,E,E,E,D,D,D,E,D,C,?,E,?,C,D,Trung Binh
A,A,A,B,D,D,E,E,B,C,C,D,E,?,C,C,E,E,C,E,D,D,?,E,?,?,E,D,E,D,C,C,?,C,C,E,C,?,C,E,E,E,E,E,E,C,?,C,E,E,D,Trung Binh
A,E,A,A,A,E,D,B,D,E,E,E,?,D,?,E,E,E,E,?,C,E,C,?,?,E,?,?,E,E,?,C,?,?,C,D,E,E,E,E,C,D,E,E,D,E,?,C,?,D,?,Trung Binh
B,D,B,E,E,B,B,D,C,D,C,?,E,D,E,E,E,?,?,E,D,?,E,E,D,D,?,D,?,E,E,D,E,D,E,E,E,E,C,?,?,E,E,E,?,?,C,D,E,C,E,Trung Binh
E,E,B,E,A,B,C,E,E,E,D,C,E,E,E,?,E,E,D,?,?,E,E,D,E,D,E,E,?,D,E,E,C,?,E,E,?,D,E,E,C,C,E,E,D,E,E,?,E,C,E,Trung Binh
A,E,E,D,B,E,D,D,C,D,E,E,?,E,?,?,E,E,?,?,?,?,D,C,?,E,E,D,C,E,?,C,?,?,E,E,E,D,D,C,D,E,E,D,C,?,C,E,E,E,D,Trung Binh
A,D,E,D,E,B,E,E,B,E,E,C,?,?,D,E,E,D,?,?,E,E,?,E,E,?,C,E,E,?,C,?,D,?,C,D,E,?,?,?,D,?,E,D,E,D,C,E,D,?,C,Trung Binh
D,C,E,C,E,B,D,A,B,A,C,?,E,?,?,E,D,C,E,E,E,C,E,?,E,E,E,?,?,?,?,E,?,D,?,D,D,C,D,D,C,C,C,E,C,?,?,D,?,C,?,Trung Binh
A,A,B,A,E,B,C,E,E,C,C,?,C,E,?,D,C,C,?,C,E,?,E,E,?,E,E,C,E,E,E,E,E,?,?,C,D,D,D,E,E,?,D,?,D,C,E,E,E,E,E,Trung Binh
B,C,B,B,C,E,B,E,E,C,C,?,C,E,D,?,?,?,E,D,C,E,D,?,C,D,C,?,E,D,?,D,D,C,D,E,C,C,C,E,D,E,E,C,E,?,?,E,E,D,E,Trung Binh
E,A,E,C,E,B,D,B,E,B,E,?,D,D,?,?,?,E,E,E,?,C,?,E,C,E,?,E,?,D,?,E,D,?,E,C,?,C,E,E,?,?,?,?,?,E,E,E,E,E,E,Trung Binh
A,B,A,A,B,A,A,A,E,D,D,E,E,E,E,E,D,C,E,?,D,D,?,E,E,C,E,E,C,E,C,D,D,?,E,E,E,E,E,C,E,?,E,C,E,?,E,D,E,E,C,Trung Binh
C,A,D,A,C,D,B,C,D,E,C,C,D,?,E,?,?,C,E,C,D,E,E,?,?,E,?,D,E,?,C,E,E,D,?,?,C,C,C,D,E,D,E,E,E,E,D,?,D,?,?,Trung Binh
B,E,C,E,B,E,B,D,C,A,C,E,D,C,?,D,C,D,E,E,E,E,?,E,?,E,C,?,C,D,?,E,D,?,E,?,?,C,E,E,E,?,D,?,E,D,E,E,?,?,?,Trung Binh
B,A,B,E,B,B,C,A,D,D,?,E,E,?,D,C,E,D,D,?,D,E,?,D,E,E,C,D,?,?,E,?,D,E,C,E,?,?,?,E,E,C,?,E,E,D,E,D,E,E,E,Trung Binh
B,C,B,D,A,C,A,C,A,D,D,D,E,?,?,D,E,D,D,C,E,E,E,?,D,D,D,D,E,E,E,E,C,D,?,?,C,E,E,D,?,D,E,?,D,E,E,E,E,E,D,Trung Binh
C,B,C,D,E,A,D,B,D,C,E,C,?,C,D,E,?,D,C,E,C,E,E,E,?,D,E,E,E,C,D,C,C,?,C,C,?,D,?,D,E,E,?,E,?,?,?,E,C,D,?,Trung Binh
C,E,A,E,C,A,E,B,E,D,?,?,E,?,?,D,D,E,D,C,E,?,E,D,D,D,E,E,E,E,?,D,D,C,?,E,D,D,D,?,D,D,C,E,D,E,C,D,?,C,?,Trung Binh
D,E,B,D,B,E,C,B,A,D,?,E,D,?,?,C,D,E,D,?,D,E,?,?,?,?,C,D,?,E,D,?,E,D,?,E,?,E,C,?,?,E,E,E,E,E,E,D,D,E,E,Trung Binh
E,C,C,E,D,D,E,A,A,D,?,?,?,?,?,E,C,?,D,C,C,D,D,C,?,C,C,E,D,E,?,?,D,E,D,E,E,E,E,D,E,?,E,E,E,E,?,D,D,E,D,Trung Binh
A,C,A,B,E,C,A,B,B,B,E,?,?,D,E,E,C,D,?,C,E,?,E,?,D,C,D,C,?,?,C,?,E,?,?,?,?,?,D,E,E,E,E,D,D,?,?,E,D,E,?,Trung Binh
C,C,A,E,E,B,D,B,D,B,D,E,D,E,?,E,?,?,D,D,?,E,E,E,C,E,?,E,E,D,D,?,?,?,D,E,E,E,?,?,D,C,E,E,D,E,?,C,?,D,?,Trung Binh
B,A,A,B,E,B,B,C,A,D,?,?,E,?,?,D,E,E,E,E,E,D,C,E,E,E,E,D,D,C,E,E,D,E,?,E,D,D,C,D,C,?,?,D,?,E,E,E,C,E,C,Trung Binh
D,A,E,B,E,C,E,B,A,B,C,E,E,D,?,E,E,?,D,E,E,E,?,E,C,E,E,?,?,E,E,E,?,E,E,C,C,?,?,D,D,C,C,E,C,C,E,E,D,E,?,Trung Binh
C,D,D,D,E,C,A,E,E,A,C,?,D,E,E,C,D,E,E,E,C,D,E,E,D,E,E,E,D,D,D,?,E,D,C,D,?,C,?,D,?,D,E,C,E,?,?,?,C,E,E,Trung Binh
C,C,D,C,D,D,D,B,C,C,D,C,C,B,C,C,B,E,C,C,C,C,C,D,B,C,B,C,D,E,C,E,C,C,D,C,D,D,C,C,D,D,C,C,C,C,C,C,D,E,C,Kha
B,B,D,D,D,C,B,D,C,C,C,E,B,C,C,D,C,E,D,D,C,C,D,C,C,D,C,C,B,C,D,C,B,B,C,C,C,C,C,E,C,E,D,D,C,E,C,C,B,C,C,Kha
C,D,B,C,B,D,B,D,E,D,D,C,E,B,C,E,C,D,C,C,D,C,D,D,D,C,D,B,C,C,B,B,B,B,D,C,D,C,C,D,C,E,C,C,D,C,C,D,B,B,D,Kha
C,C,C,E,C,B,C,C,C,D,B,C,B,C,B,B,C,E,B,C,D,C,C,B,C,B,B,D,C,C,C,D,D,D,B,B,C,B,D,D,C,B,B,E,D,C,E,B,B,B,B,Kha
D,D,C,C,C,E,D,C,D,C,E,B,B,C,D,C,C,D,E,B,D,C,C,B,C,C,E,D,C,C,C,E,B,D,B,C,C,C,E,C,C,E,D,E,D,C,D,B,C,C,D,Kha
C,C,C,C,C,C,C,B,C,C,B,D,C,E,C,C,C,B,D,D,D,C,D,B,C,E,D,D,B,D,C,C,C,C,D,D,B,C,B,B,D,D,D,D,C,B,D,C,E,B,D,Kha
D,C,C,C,D,B,C,C,D,C,D,D,C,C,E,C,E,D,D,D,C,D,D,B,E,C,B,D,C,D,E,B,D,E,B,C,B,C,D,C,B,C,D,C,C,D,E,C,D,C,D,Kha
C,C,C,B,B,E,C,C,D,C,E,B,C,C,C,B,C,C,C,D,C,B,C,D,D,D,D,D,B,D,C,C,D,C,B,C,C,D,D,C,C,C,C,B,D,B,B,B,D,C,C,Kha
D,B,D,C,B,D,C,C,D,C,D,B,D,E,E,B,D,C,E,C,C,D,B,C,C,B,C,B,C,C,B,C,B,C,B,C,C,E,D,D,B,D,C,C,B,C,C,D,D,D,B,Kha
E,C,B,D,D,D,D,B,B,C,D,B,D,C,D,B,B,B,C,D,D,B,C,E,E,D,C,C,D,D,C,E,B,B,B,C,C,C,C,B,B,E,E,D,D,C,D,D,B,D,B,Kha
B,C,E,D,C,B,B,D,E,C,E,C,C,D,C,B,D,C,C,C,E,D,C,B,C,D,B,B,D,C,C,E,C,D,C,D,D,C,C,D,B,C,D,B,C,C,C,B,C,E,C,Kha
B,C,C,C,B,C,C,C,C,D,D,C,B,B,C,D,C,D,B,B,D,D,D,D,C,C,D,D,B,C,B,C,B,B,B,C,C,E,D,D,C,E,E,B,C,C,D,D,B,D,D,Kha
C,B,D,C,B,B,C,D,C,C,C,B,C,C,C,C,C,D,E,B,D,B,D,B,C,E,B,C,D,C,C,B,B,E,C,B,E,D,C,C,D,D,B,C,C,E,C,D,D,C,D,Kha
C,B,C,C,C,B,B,C,C,C,C,B,B,B,C,D,C,E,D,B,C,B,C,C,D,D,D,C,B,C,D,D,D,E,D,D,C,D,D,C,E,C,C,B,D,D,C,D,B,C,C,Kha
E,B,B,D,C,B,B,D,D,C,E,B,D,D,E,B,E,B,D,B,B,C,B,C,E,B,D,C,C,E,C,E,C,E,C,B,D,C,C,D,C,C,C,D,C,C,D,B,E,C,E,Kha
B,D,D,D,C,D,E,D,D,E,E,C,B,D,C,C,D,C,B,C,C,C,B,E,D,D,B,D,B,C,D,D,D,E,C,C,C,E,C,E,C,E,D,D,D,C,D,D,C,C,D,Kha
E,C,B,D,C,C,E,D,B,D,B,D,D,C,C,D,C,C,B,E,E,C,D,B,C,D,D,C,C,C,C,C,D,C,C,C,B,E,E,D,B,C,C,C,B,C,D,B,B,C,D,Kha
C,B,B,B,C,D,C,E,B,D,D,B,B,D,D,C,B,D,C,B,B,D,C,C,C,E,C,C,C,E,C,B,D,C,C,D,D,C,B,C,D,C,C,B,C,B,C,C,D,C,E,Kha
C,D,E,B,D,B,C,B,C,D,B,E,B,C,D,E,E,D,E,D,D,D,C,C,E,E,E,C,C,C,C,D,C,C,C,B,C,B,C,D,C,E,C,C,C,C,C,B,C,D,C,Kha
D,C,C,C,D,C,E,B,C,D,B,B,C,B,D,B,C,C,C,D,B,C,D,C,D,C,C,C,D,B,E,D,D,E,C,C,B,D,D,D,B,C,D,D,C,C,E,C,C,C,C,Kha
C,C,E,B,C,D,C,D,C,D,C,C,B,D,C,D,C,B,B,B,D,C,C,D,D,B,C,C,C,C,B,B,B,D,D,B,B,E,E,D,C,C,B,C,E,C,C,E,B,C,E,Kha
C,D,C,C,D,C,D,C,D,C,C,D,E,C,E,E,B,D,B,D,D,C,C,C,D,E,D,C,C,C,B,C,C,C,C,B,B,E,C,D,B,C,B,B,B,D,C,B,B,D,B,Kha
D,E,E,B,B,E,D,D,C,C,D,C,D,B,B,C,C,B,D,C,B,D,C,C,B,C,E,C,B,C,D,C,C,C,C,E,B,C,B,E,B,C,D,B,D,D,D,C,B,B,B,Kha
E,C,E,D,C,D,B,D,D,C,C,B,B,B,C,C,C,C,D,C,B,B,C,C,D,C,E,D,D,D,D,C,B,B,B,B,C,D,B,D,B,E,E,B,D,C,D,B,C,B,C,Kha
B,C,C,D,D,D,D,C,B,B,E,D,D,E,D,B,C,D,B,E,D,D,C,C,B,C,B,B,E,B,D,C,B,B,B,E,B,D,E,B,D,D,B,D,B,C,D,B,C,B,C,Kha
B,C,B,D,C,D,D,C,D,D,C,C,C,C,C,C,D,B,C,C,C,C,C,C,E,B,D,D,C,C,C,C,C,C,C,C,E,C,D,D,C,C,D,C,D,D,B,C,D,C,C,Kha
B,C,E,C,C,C,C,C,C,D,B,D,B,D,E,B,C,E,E,D,E,C,B,B,D,C,C,C,D,E,C,B,C,C,C,C,D,C,B,E,C,D,E,B,D,B,C,D,D,B,B,Kha
C,C,D,E,C,C,D,B,B,C,D,E,C,C,B,C,E,B,B,C,C,D,B,C,B,E,C,B,B,B,D,B,C,B,C,C,C,E,D,D,D,C,C,D,D,C,C,B,B,C,D,Kha
E,C,C,C,D,D,B,D,E,C,D,D,E,B,D,E,B,B,D,D,C,C,C,C,D,E,C,D,C,E,E,C,B,D,C,E,E,B,D,C,E,B,B,C,C,B,C,D,C,C,D,Kha
B,B,E,C,B,C,B,C,B,B,C,B,C,D,B,C,D,E,D,D,D,C,B,B,B,B,E,B,B,C,D,B,D,C,C,B,B,C,C,D,D,C,C,E,C,D,B,D,E,B,C,Kha
C,D,D,D,C,D,C,D,C,D,B,E,D,D,D,D,C,C,C,B,D,B,C,C,C,C,D,B,E,C,C,B,E,D,D,B,B,E,B,B,D,C,D,D,C,B,D,D,B,C,C,Kha
C,E,B,B,C,C,C,C,D,B,B,E,C,C,C,C,C,D,C,C,C,D,D,D,C,D,B,B,D,C,C,C,B,C,C,D,C,B,D,B,B,D,D,B,C,C,D,E,D,E,B,Kha
C,C,E,B,B,E,E,C,C,E,B,C,B,D,B,E,C,E,D,C,D,B,D,D,C,B,C,C,D,D,D,D,E,C,E,D,C,D,D,C,B,D,B,C,C,D,B,D,B,D,C,Kha
D,B,D,E,B,D,C,D,E,C,C,E,C,C,C,D,C,B,C,E,D,C,B,C,E,B,D,D,B,C,D,D,B,D,D,E,C,E,B,D,E,D,D,B,E,C,D,C,B,B,B,Kha
D,D,D,C,C,D,C,B,C,C,C,C,D,E,B,B,D,B,D,C,C,D,D,C,D,B,C,C,E,D,C,D,E,C,C,B,B,D,C,D,D,D,C,C,B,C,D,C,B,B,E,Kha
C,E,E,C,C,D,B,B,D,C,E,C,B,C,B,D,B,C,B,C,B,C,E,D,D,B,B,B,B,E,E,B,D,C,C,B,D,D,D,C,D,D,B,C,E,C,D,C,C,B,D,Kha
B,D,C,D,D,B,B,B,D,C,D,B,E,B,D,C,D,C,C,D,B,B,C,C,C,C,C,B,D,B,D,D,C,C,B,C,C,B,C,D,B,D,B,C,E,C,E,E,D,B,E,Kha
C,B,D,D,D,B,D,D,B,D,C,D,C,D,E,C,B,D,B,B,C,E,C,D,D,B,D,B,B,C,D,B,D,B,C,C,B,D,B,C,D,C,D,B,B,C,E,C,E,C,B,Kha
E,C,B,C,C,D,E,E,B,E,C,C,E,B,D,E,C,D,D,C,C,B,D,D,C,C,E,D,C,C,D,C,D,D,D,D,D,C,C,C,D,C,D,C,B,C,E,C,D,D,C,Kha
B,B,C,C,D,D,C,B,C,D,C,C,D,C,B,D,D,C,B,C,B,B,C,B,B,C,D,C,C,B,C,C,C,C,E,B,D,D,D,D,C,D,D,D,C,B,D,D,D,B,C,Kha
C,B,C,D,D,C,C,C,B,B,C,D,C,E,D,D,C,C,D,C,B,D,C,D,D,C,C,D,C,C,B,C,C,C,C,C,C,D,E,D,D,C,C,D,B,C,D,C,C,B,C,Kha
D,B,C,D,D,C,D,B,C,C,B,C,D,D,D,D,C,B,C,E,D,C,B,C,D,C,B,B,B,D,C,B,D,B,D,C,C,E,C,B,C,D,C,C,C,C,C,C,D,C,C,Kha
C,C,B,D,C,C,D,D,D,D,D,D,C,D,C,B,B,B,B,B,D,C,B,B,D,D,D,B,C,C,D,B,D,E,E,C,D,D,D,B,B,D,C,D,C,E,D,E,C,C,C,Kha
D,B,C,B,B,C,C,C,D,D,D,C,D,C,D,D,D,D,C,E,E,C,B,B,B,D,D,D,C,C,E,C,C,C,E,B,C,B,D,B,B,D,C,C,B,D,C,C,C,B,C,Kha
E,C,D,D,D,E,B,B,B,D,C,C,C,C,C,C,C,D,D,E,C,C,E,C,C,B,E,C,B,B,D,B,D,B,C,D,C,C,C,B,B,B,B,B,C,D,D,D,C,C,C,Kha
D,D,D,C,C,C,D,C,C,E,D,D,D,D,B,C,E,B,D,E,D,D,D,C,C,C,C,C,D,D,C,C,B,D,C,B,D,C,B,C,D,D,E,C,C,C,C,C,C,B,C,Kha
C,C,D,D,B,C,C,C,E,D,E,B,B,C,C,C,E,C,C,E,D,B,D,D,C,D,C,C,E,B,C,B,C,C,C,E,D,C,B,B,C,D,D,E,B,B,B,B,B,B,B,Kha
E,C,B,D,B,C,C,D,C,B,C,D,D,E,D,C,B,B,C,C,D,E,C,C,C,D,B,C,C,C,D,B,B,C,B,B,B,C,C,D,C,D,B,E,E,C,E,C,B,C,C,Kha
C,C,D,D,D,E,B,B,C,D,B,C,C,E,C,C,D,B,B,C,C,C,C,C,D,D,C,B,C,D,D,B,B,D,B,D,D,D,C,D,B,D,D,C,C,D,B,E,D,C,B,Kha
C,C,C,D,D,D,C,E,E,D,C,D,D,C,C,B,C,E,D,B,B,E,B,E,C,C,E,D,C,B,C,B,C,C,C,D,B,C,C,D,C,C,D,B,D,C,D,D,C,C,C,Kha
D,C,C,B,C,C,E,D,E,B,D,C,C,B,E,D,D,B,C,C,D,B,B,B,B,E,D,D,C,C,D,C,C,C,D,D,D,C,B,C,C,C,C,C,B,E,C,D,B,C,B,Kha
E,D,C,D,C,C,D,B,C,C,C,C,C,C,C,D,C,C,B,D,C,C,C,D,D,C,D,D,C,D,C,E,B,D,B,E,B,C,C,C,E,C,C,D,C,B,C,C,D,C,B,Kha
D,C,D,B,B,C,D,D,B,C,C,C,D,B,C,C,C,D,C,D,B,D,D,C,D,C,C,B,D,D,B,C,C,B,E,C,B,C,B,C,D,D,D,C,C,B,C,D,D,D,D,Kha
B,D,D,D,C,B,D,D,E,C,C,C,C,B,B,C,C,C,C,E,C,D,D,C,D,B,C,D,E,D,D,B,B,C,C,B,B,C,B,B,E,C,D,D,B,C,D,C,D,B,C,Kha
D,C,B,D,D,C,C,D,C,D,B,C,D,C,D,C,C,D,D,C,C,C,C,E,B,D,C,B,C,C,C,D,C,B,D,D,D,C,C,E,C,C,C,C,B,D,E,C,C,C,C,Kha
C,D,C,C,D,B,D,E,D,D,C,D,E,D,D,D,C,E,E,E,D,E,E,C,D,B,D,D,B,D,E,C,B,C,E,D,C,B,D,C,B,D,B,C,D,B,D,D,D,C,C,Kha
C,E,D,C,D,D,D,D,D,C,D,E,D,C,C,B,C,C,B,D,C,B,D,D,D,B,D,C,C,D,C,C,B,C,C,C,B,C,D,C,C,B,C,D,C,D,B,E,C,E,D,Kha
C,C,D,D,C,C,D,D,E,C,C,C,D,C,C,C,E,B,B,D,C,B,E,B,C,C,C,D,D,C,D,B,C,B,D,C,D,D,E,B,C,D,B,D,E,B,C,D,C,B,D,Kha
C,D,C,C,B,D,B,D,E,B,C,B,D,D,B,D,D,D,D,C,C,E,C,E,C,D,D,C,C,C,D,C,C,B,C,D,C,D,B,D,C,B,D,B,C,B,C,D,D,C,D,Kha
C,C,C,C,C,C,D,B,D,E,B,D,B,E,C,B,C,D,C,B,C,B,B,C,C,B,C,D,D,E,C,E,C,B,D,B,C,B,B,C,B,C,D,C,C,B,E,C,D,B,D,Kha
D,C,C,C,B,D,C,C,C,D,C,C,C,D,C,C,D,C,C,C,D,B,B,C,C,D,C,C,E,D,C,D,C,D,B,D,C,C,D,D,E,D,E,B,C,C,C,D,D,D,C,Kha
E,D,B,C,E,B,D,B,D,C,C,C,C,D,E,C,D,C,D,B,C,E,C,E,C,C,B,D,C,B,B,B,E,E,B,B,C,C,E,C,C,C,E,D,D,C,B,D,C,C,D,Kha
C,C,D,D,D,B,B,C,B,E,C,C,C,B,E,D,D,D,B,E,D,D,B,E,C,B,C,C,C,C,C,B,D,E,D,C,C,C,D,D,C,B,D,C,D,D,D,C,C,C,C,Kha
D,C,B,D,C,D,E,C,C,C,B,C,D,D,B,E,B,C,C,E,C,C,C,C,B,C,B,D,D,D,C,C,D,C,C,C,C,C,B,C,C,C,D,B,B,B,D,D,E,B,D,Kha
E,C,B,D,E,D,C,D,C,C,B,E,B,C,B,C,C,C,B,C,B,D,C,C,C,C,C,C,B,C,C,D,B,C,C,B,C,B,C,D,C,C,D,B,D,C,C,B,D,D,B,Kha
B,C,C,C,B,C,B,D,E,D,D,C,B,D,D,C,C,D,E,E,D,B,D,B,C,D,D,C,C,B,E,B,B,C,B,C,B,D,D,B,C,B,B,D,B,E,D,C,C,B,C,Kha
C,B,C,C,D,C,B,D,C,C,D,D,D,D,C,B,C,D,E,C,B,C,C,B,B,B,B,D,C,C,C,C,C,C,B,B,B,C,D,C,E,C,B,E,B,D,E,C,E,D,C,Kha
E,E,D,E,C,D,C,C,D,C,C,B,C,B,C,D,C,D,C,C,D,E,C,C,D,C,B,D,E,C,D,C,B,E,C,C,D,B,E,D,C,C,D,C,C,C,C,C,C,E,D,Kha
B,D,C,B,E,B,C,D,B,D,C,C,E,D,B,C,D,B,C,D,D,C,C,C,D,D,C,C,D,C,B,D,B,B,C,C,B,C,C,C,D,B,B,C,C,C,C,D,E,C,D,Kha
D,C,B,B,C,B,B,D,C,D,B,D,C,D,D,D,C,D,C,D,B,B,E,D,B,E,D,D,B,B,D,C,C,B,C,B,D,C,E,D,C,D,C,D,C,B,C,D,B,C,C,Kha
D,C,D,E,B,C,D,C,C,B,B,D,C,C,E,B,D,C,D,D,D,C,B,B,E,B,C,C,B,C,B,D,C,E,E,D,E,E,D,D,C,C,D,D,C,D,D,C,E,C,C,Kha
B,D,E,B,C,C,C,B,D,E,C,C,C,C,D,C,D,C,D,C,C,C,B,B,B,C,E,D,C,C,D,D,C,D,D,C,B,E,C,D,C,C,B,E,C,D,C,C,D,E,B,Kha
B,B,C,C,D,C,C,C,D,B,C,D,C,B,B,D,B,D,E,C,C,D,B,C,D,D,C,D,C,C,C,C,C,E,C,C,B,D,D,C,B,C,E,D,C,D,C,E,D,B,C,Kha
B,D,E,C,B,D,D,B,C,C,D,C,D,B,C,D,D,C,E,D,D,D,E,D,C,E,C,C,C,C,E,E,B,B,B,D,C,C,C,D,C,C,C,B,D,C,C,B,B,C,C,Kha
C,E,B,C,B,D,C,B,B,C,C,C,D,D,E,B,D,C,C,B,C,C,C,E,B,D,B,C,C,B,D,B,C,D,B,C,E,D,B,B,E,D,E,B,C,D,C,B,B,B,C,Kha
C,B,C,C,D,C,C,D,E,E,C,B,C,E,E,D,C,C,D,B,B,E,E,C,B,B,D,C,C,C,E,B,C,E,D,D,D,D,B,E,D,C,C,E,C,C,B,D,D,C,C,Kha
B,C,E,D,B,B,B,C,C,D,C,E,C,C,B,D,B,B,E,B,C,E,D,D,C,C,D,C,C,C,C,C,D,C,C,C,E,E,D,E,D,C,D,C,C,B,E,C,E,C,B,Kha
D,E,B,B,C,C,D,D,C,D,D,B,D,E,B,D,C,C,C,B,E,B,D,D,C,D,E,C,D,D,B,C,E,B,D,B,D,C,C,E,C,C,D,B,D,E,E,C,D,C,E,Kha
E,B,D,C,B,B,D,B,C,C,B,C,D,D,C,E,C,C,B,C,C,D,B,C,D,D,E,B,D,D,C,B,B,C,B,C,C,D,C,D,D,C,B,C,C,D,D,D,C,B,D,Kha
E,C,D,D,C,E,C,C,C,D,B,C,D,C,B,B,C,B,B,C,D,B,C,E,C,C,B,E,C,C,B,D,B,D,D,B,C,C,E,D,D,D,D,D,C,B,D,D,C,D,C,Kha
B,C,D,D,C,C,E,C,B,C,D,B,C,C,C,D,C,C,C,B,C,D,E,C,B,B,E,B,D,C,D,C,C,C,D,D,C,B,C,C,C,C,B,C,B,C,D,B,C,E,C,Kha
D,B,B,D,D,E,B,C,D,D,C,C,C,D,C,B,C,C,C,C,C,B,B,D,D,D,B,B,C,C,D,D,C,E,B,B,D,E,C,D,C,C,C,C,D,D,D,C,D,D,C,Kha
C,C,E,E,C,B,C,C,D,D,B,B,B,D,C,E,C,B,D,C,B,B,C,B,B,B,D,D,C,E,D,D,C,B,C,C,B,D,C,C,C,D,D,B,D,B,C,C,C,E,C,Kha
B,B,B,B,C,D,C,D,E,C,D,C,D,D,B,B,C,D,B,B,C,B,C,D,C,C,C,D,C,D,C,D,D,C,C,C,C,C,C,C,C,D,C,D,D,B,D,C,E,B,D,Kha
C,D,C,C,C,C,C,D,C,D,C,B,B,B,C,D,D,C,D,B,C,B,E,E,B,B,C,D,C,D,D,D,D,C,C,B,D,C,D,B,C,B,B,C,D,B,D,C,D,C,C,Kha
C,B,B,B,B,C,D,C,C,C,E,D,E,C,E,E,C,D,D,C,E,C,C,B,E,C,B,C,D,D,B,E,C,D,E,D,C,D,B,C,B,C,C,B,C,C,D,B,C,D,B,Kha
C,D,D,C,D,C,C,E,C,D,D,C,D,C,C,B,B,B,C,C,E,C,D,D,C,D,B,B,C,C,C,E,C,B,D,B,E,D,D,B,B,D,B,C,B,C,C,C,C,B,D,Kha
C,B,C,D,D,C,E,D,B,D,D,E,D,B,C,B,D,C,B,C,C,B,B,D,C,C,B,B,E,B,E,C,B,C,C,C,B,C,D,D,B,B,C,C,C,C,C,B,B,D,E,Kha
D,D,B,D,B,C,D,C,B,B,C,D,D,C,E,C,D,E,B,C,C,C,D,C,D,C,C,D,C,B,C,D,E,E,D,C,C,C,D,C,C,C,C,D,B,C,D,C,D,C,E,Kha
D,D,B,B,C,D,D,B,B,C,B,C,B,D,D,B,D,E,C,C,C,D,D,B,D,D,C,B,D,D,D,C,C,C,C,D,C,C,B,E,D,D,C,C,E,B,C,D,C,D,C,Kha
D,D,C,B,B,B,C,B,B,C,C,C,D,D,B,C,D,D,C,B,D,B,B,C,C,B,E,D,D,C,C,D,C,C,C,C,C,E,D,C,C,C,B,C,C,B,D,E,C,D,C,Kha
C,C,D,C,D,D,B,B,B,B,E,D,B,C,D,E,C,B,B,D,D,D,B,D,C,C,E,B,C,C,D,B,D,D,D,B,C,B,E,C,C,C,D,C,C,C,B,B,D,B,C,Kha
D,D,C,B,B,C,C,C,C,B,E,C,C,E,E,C,C,D,D,C,D,C,D,C,E,C,C,E,C,B,C,C,B,E,D,D,C,D,B,C,D,C,E,C,B,C,C,C,C,B,C,Kha
C,C,B,C,C,D,D,D,D,C,D,D,C,C,C,D,C,C,C,B,D,B,D,B,C,C,D,D,D,D,D,E,E,D,B,D,C,C,D,B,C,E,C,E,C,C,E,D,C,B,E,Kha
D,D,C,D,D,C,D,D,C,C,C,E,C,C,D,D,D,E,B,C,B,B,D,D,C,D,C,D,B,C,B,B,B,D,B,D,D,E,D,B,D,D,D,C,C,E,D,B,C,C,C,Kha
E,B,B,D,C,B,B,D,C,B,D,D,B,B,B,C,C,B,B,D,D,C,D,B,B,E,D,B,D,C,C,D,D,C,E,D,E,C,D,B,D,C,B,C,B,D,D,C,B,B,C,Kha
B,C,C,B,E,C,D,C,C,E,C,B,C,C,D,C,C,E,C,D,C,B,D,D,C,D,C,C,C,D,E,B,D,C,C,B,C,D,D,B,C,C,C,E,C,D,D,C,D,E,C,Kha
D,C,D,C,B,C,C,E,C,D,E,D,D,C,E,B,C,D,D,E,B,C,B,C,E,D,E,C,C,C,B,D,D,E,D,C,B,C,D,E,C,C,B,D,C,C,D,E,C,B,C,Kha
B,D,E,D,C,D,C,D,C,B,C,D,E,C,C,D,B,D,D,B,D,E,C,C,C,E,C,C,B,C,B,D,C,D,C,C,D,C,C,C,C,B,B,C,D,C,C,D,B,C,C,Kha
D,E,D,C,C,C,C,D,C,B,C,D,B,D,B,D,C,C,B,B,D,C,D,C,C,C,B,C,B,D,D,C,D,D,D,D,D,C,C,C,B,D,B,D,D,E,E,C,D,D,C,Kha
E,D,D,E,C,C,B,C,D,C,C,C,C,E,B,B,C,C,B,C,B,B,C,C,C,D,C,B,C,C,B,C,B,C,E,C,D,C,E,B,B,B,D,C,D,C,C,D,C,B,C,Kha
D,C,C,B,D,C,C,D,C,B,B,C,D,C,B,B,D,C,C,B,E,D,D,D,B,C,D,D,C,E,B,D,D,B,C,C,D,C,C,E,C,D,C,B,B,C,C,C,D,C,C,Kha
D,D,C,C,C,D,C,D,D,E,C,D,C,B,D,D,B,E,C,C,E,D,C,D,C,B,D,C,B,D,D,D,D,C,C,D,D,C,D,C,E,C,B,C,C,B,B,D,C,C,D,Kha
B,B,C,B,C,C,D,E,B,D,D,D,C,D,B,E,B,C,B,D,D,C,C,B,B,D,E,C,D,D,C,C,C,B,C,C,D,C,D,D,B,C,C,B,C,C,C,D,E,D,B,Kha
C,B,E,C,B,B,D,B,E,C,D,D,C,B,C,D,C,B,B,E,B,D,D,C,D,C,D,E,D,D,C,C,C,B,B,D,C,C,C,B,D,C,E,D,B,D,C,C,E,C,B,Kha
C,C,C,C,C,E,E,D,B,E,D,B,C,C,C,D,B,C,C,D,D,D,B,C,C,C,D,D,E,C,C,C,D,D,B,D,B,C,E,D,D,D,B,C,C,C,C,B,C,B,C,Kha
C,B,C,B,B,D,E,D,C,D,C,E,C,C,D,D,B,C,C,C,C,C,C,D,C,C,D,C,C,D,C,B,D,C,C,E,D,E,D,D,C,D,B,B,D,C,D,D,B,C,D,Kha
C,C,D,C,C,D,D,B,C,D,C,E,E,D,D,D,B,E,C,D,E,C,E,D,D,B,C,D,D,C,D,D,C,C,D,B,D,C,B,D,B,B,C,C,C,B,C,E,C,D,E,Kha
D,D,C,B,C,D,C,B,D,C,D,E,B,D,D,D,B,C,D,E,B,C,D,C,C,D,D,C,C,C,D,D,E,E,D,E,D,D,B,E,B,D,C,B,C,E,D,D,B,C,B,Kha
D,E,C,B,D,C,E,D,B,D,B,B,E,D,E,B,D,D,E,D,E,C,C,C,D,D,B,D,B,C,C,C,D,C,B,D,C,E,C,D,C,C,B,B,D,C,D,D,D,D,C,Kha
E,D,B,D,B,C,B,D,C,B,B,D,C,D,D,B,C,D,B,D,C,C,D,C,C,D,C,C,E,E,C,C,D,C,D,C,C,B,B,C,C,D,D,D,C,D,C,D,D,B,C,Kha
C,D,E,C,B,C,C,D,D,D,D,E,B,D,D,D,B,D,D,C,D,B,C,D,C,C,D,C,C,E,B,D,E,B,D,D,B,B,D,C,C,C,C,D,C,D,E,C,D,C,C,Kha
C,B,E,C,D,C,E,B,D,D,E,C,B,C,B,C,B,C,B,D,B,C,C,D,E,C,D,C,B,C,D,D,C,B,D,D,D,C,B,B,B,E,C,C,C,B,D,B,C,D,C,Kha
D,C,D,D,D,C,C,C,B,E,E,B,D,C,C,B,C,C,D,D,C,C,C,C,B,C,C,D,C,B,C,C,B,D,E,E,C,B,C,C,B,B,C,D,C,D,C,D,E,C,D,Kha
D,C,D,D,C,C,D,E,D,B,C,D,D,B,C,B,B,B,C,C,D,C,E,B,C,B,B,D,D,D,C,E,D,B,E,B,D,E,B,B,B,C,C,B,D,C,E,D,D,B,E,Kha
C,D,C,C,D,D,D,D,D,D,E,D,D,B,D,E,C,C,B,D,B,C,B,D,D,C,D,B,C,B,D,D,C,D,C,C,D,B,B,C,E,D,D,C,C,B,B,D,E,E,B,Kha
D,C,C,D,B,B,B,C,D,C,C,B,C,B,C,D,B,B,E,C,D,B,D,D,E,B,D,B,E,B,E,B,C,E,C,E,C,C,E,C,E,D,C,C,D,E,D,D,B,B,B,Kha
C,C,D,B,D,B,D,D,D,D,B,C,B,B,D,D,D,D,D,E,C,C,B,B,B,D,D,B,B,C,C,D,B,B,D,D,C,C,B,B,D,D,B,C,B,D,D,E,C,C,C,Kha
C,D,C,C,C,C,D,E,C,D,E,B,B,C,D,C,B,D,E,B,B,C,B,D,E,C,B,D,C,C,D,C,D,D,C,C,B,C,C,B,C,E,D,D,D,B,D,B,C,C,D,Kha
C,C,B,E,D,C,E,C,C,C,E,D,C,C,D,C,C,B,C,B,B,D,B,D,C,D,D,B,C,B,B,D,C,C,E,C,C,B,B,C,C,C,B,C,D,D,C,C,C,D,B,Kha
D,C,C,B,C,D,C,C,C,D,C,D,C,B,D,E,B,C,C,C,C,D,D,B,C,C,C,E,D,C,D,D,E,B,B,D,C,C,B,B,D,C,C,B,C,B,B,C,E,C,D,Kha
D,C,B,D,B,D,D,B,B,D,C,C,D,B,C,D,C,C,B,D,C,C,C,C,E,C,D,C,D,C,B,D,C,B,C,D,B,C,E,C,C,C,C,C,D,C,D,B,D,C,C,Kha
D,C,C,B,C,D,C,C,C,C,C,C,B,C,E,C,C,D,D,D,D,C,B,D,C,B,B,D,D,D,B,C,D,E,C,D,B,B,B,E,C,E,C,C,C,D,B,B,E,C,B,Kha
E,B,D,C,C,D,C,B,B,E,C,D,C,B,C,D,D,C,C,D,B,C,D,B,B,B,C,C,B,E,D,E,E,C,C,C,C,C,C,E,C,B,E,C,C,D,C,C,D,D,D,Kha
B,C,B,C,E,E,E,C,D,C,C,C,C,D,C,D,C,C,C,C,B,D,C,D,C,B,C,D,B,B,D,E,C,B,C,D,D,E,C,C,D,D,E,D,C,D,E,B,D,C,C,Kha
D,C,E,D,D,D,C,D,C,B,B,C,B,C,D,C,C,C,E,C,E,C,B,D,D,C,D,C,C,C,D,E,C,C,C,D,B,D,B,D,C,C,C,D,D,C,C,D,C,D,D,Kha
D,B,B,C,B,D,D,C,C,D,D,D,B,D,B,B,E,C,D,E,B,D,D,C,C,E,D,C,E,E,B,C,C,C,C,B,C,C,D,E,B,D,C,B,C,D,D,E,C,D,E,Kha
B,B,E,D,C,C,D,E,C,C,B,C,D,C,D,D,E,E,D,B,C,C,B,E,B,D,B,E,D,B,D,E,C,C,C,E,C,C,E,D,D,D,C,C,C,C,B,B,B,C,C,Kha
B,B,D,D,E,D,D,E,C,C,C,B,D,C,D,C,C,E,E,D,B,C,C,C,C,D,D,C,C,C,C,C,E,B,D,C,D,B,D,B,E,B,B,E,B,C,D,C,B,D,E,Kha
E,C,C,E,C,C,D,C,D,C,B,D,B,C,D,B,C,B,D,C,C,E,E,C,C,B,D,C,D,E,C,C,D,B,C,C,B,C,C,D,D,C,C,D,C,D,D,B,D,D,C,Kha
C,D,C,B,C,C,B,D,D,D,C,C,B,B,C,C,C,D,C,B,B,E,C,D,D,B,D,B,D,D,C,D,D,D,B,B,C,C,D,C,E,D,B,C,B,B,B,C,D,C,C,Kha
B,C,D,D,C,C,D,C,C,D,E,D,B,C,C,C,C,C,D,C,E,C,C,C,C,B,C,C,D,B,B,C,D,C,C,E,C,D,B,C,B,C,E,C,D,D,C,C,D,B,C,Kha
E,C,B,E,C,C,D,D,D,C,B,B,E,D,C,C,D,C,C,C,B,E,B,B,B,B,E,B,C,D,B,D,D,D,C,B,D,C,D,D,B,B,C,B,D,B,D,C,D,C,C,Kha
B,C,B,B,D,C,B,C,B,D,D,D,B,C,C,B,B,C,D,B,B,C,C,C,C,D,C,D,C,D,C,B,C,C,B,D,D,B,C,C,D,C,C,C,D,C,B,C,C,C,C,Kha
B,C,B,E,C,C,D,D,E,C,B,C,E,B,B,B,C,D,D,E,D,C,D,E,D,B,D,C,B,B,D,C,C,B,E,D,B,C,C,E,B,C,C,C,D,C,D,C,D,D,C,Kha
C,C,D,C,E,C,C,C,C,D,B,C,B,E,C,B,D,B,E,D,C,C,C,D,C,D,D,B,E,C,D,D,D,C,C,B,C,C,D,D,E,C,D,C,B,B,C,C,C,D,E,Kha
C,C,D,E,C,B,C,C,C,B,D,D,C,E,D,D,C,C,D,C,D,C,D,D,C,D,D,C,C,D,B,B,B,B,C,B,C,B,E,C,B,E,D,B,D,C,C,D,B,D,C,Kha
D,E,B,B,B,B,C,B,C,E,D,C,D,D,D,C,B,C,C,D,B,E,D,C,B,B,D,B,C,C,E,B,C,C,D,C,C,D,C,D,C,B,C,C,B,B,C,D,D,D,D,Kha
D,D,C,D,D,B,B,D,D,B,C,D,C,D,D,E,C,C,C,D,B,C,C,B,C,C,B,C,C,C,E,D,C,C,B,E,C,B,D,C,D,D,D,D,C,C,E,D,D,C,C,Kha
B,D,C,C,C,B,C,C,D,B,D,C,D,C,C,E,B,D,C,C,D,C,D,C,B,D,D,E,D,C,C,E,D,C,D,C,D,B,C,C,B,D,C,E,E,C,B,E,D,C,D,Kha
C,D,C,E,C,C,B,B,D,D,B,C,B,E,E,C,B,B,B,C,B,B,D,E,D,C,C,C,C,D,B,C,C,D,D,C,C,B,D,C,B,E,C,D,D,C,B,B,B,D,E,Kha
C,B,B,B,C,C,B,B,B,C,D,C,E,C,C,C,C,D,B,B,C,E,D,C,D,D,D,C,C,C,C,E,D,B,B,C,C,C,E,E,B,B,C,D,C,D,D,D,C,D,D,Kha
E,C,D,B,D,D,B,C,D,C,C,C,C,E,C,D,D,B,E,B,B,D,D,B,B,C,C,D,D,C,B,D,C,D,C,C,C,B,D,D,D,D,E,C,D,C,B,D,C,D,E,Kha
D,D,C,C,C,B,B,E,B,D,D,E,C,C,C,C,D,C,C,C,C,D,C,D,C,D,D,D,D,D,E,C,C,C,E,C,C,C,D,D,C,C,D,B,C,C,C,C,C,D,B,Kha
D,D,C,C,D,D,C,C,D,E,E,D,C,D,C,D,E,D,B,B,C,C,D,C,D,C,C,C,D,C,C,B,C,C,C,B,C,B,C,E,D,E,C,C,B,C,D,C,E,B,D,Kha
B,D,C,D,B,E,B,B,C,B,C,E,B,D,D,D,C,C,C,D,C,C,D,C,D,B,C,B,C,B,D,D,D,B,D,E,C,C,B,B,B,C,C,E,D,C,C,C,E,C,C,Kha
E,C,E,C,D,E,C,C,D,E,E,B,C,B,B,C,C,B,B,E,B,C,B,C,B,E,B,D,B,E,D,D,E,C,C,D,B,B,B,B,D,C,C,C,C,E,D,D,D,B,D,Kha
C,D,C,C,D,C,E,B,C,B,C,D,B,B,B,C,C,E,C,C,C,C,D,C,C,D,C,B,B,C,B,D,D,C,C,E,C,D,D,B,D,D,D,B,C,B,D,D,C,C,C,Kha
D,E,B,E,D,C,D,E,E,C,B,D,C,B,D,D,B,D,C,C,C,B,C,E,B,D,C,B,C,B,C,E,D,E,B,C,B,C,C,B,C,D,E,E,D,B,D,D,B,C,D,Kha
C,C,C,B,C,C,E,B,C,C,C,B,C,D,C,D,C,C,C,C,B,D,B,B,D,B,B,B,D,B,E,E,B,D,B,B,C,D,E,C,C,D,B,C,B,D,B,C,C,C,B,Kha
D,B,C,C,B,C,C,C,B,D,D,D,C,D,E,E,E,C,C,D,D,C,B,C,E,D,D,C,C,D,E,B,C,C,B,B,C,B,E,C,B,B,D,E,C,C,C,B,D,D,D,Kha
D,E,E,B,E,C,C,C,C,B,D,B,E,E,B,C,C,C,D,C,C,C,B,B,D,B,C,C,B,E,D,C,D,C,C,D,E,D,C,C,D,C,C,C,E,E,D,D,B,D,B,Kha
B,D,C,C,C,D,D,C,D,B,C,B,D,B,C,E,D,B,C,C,D,E,B,C,C,B,C,B,C,E,C,D,D,D,C,B,E,D,C,B,B,B,C,B,C,E,B,D,C,B,D,Kha
D,C,D,C,C,D,C,C,C,C,C,C,B,D,C,D,B,C,D,D,C,B,D,C,C,B,C,C,B,C,C,E,C,B,E,D,B,D,B,E,C,E,C,D,C,C,E,C,D,B,C,Kha
B,B,B,C,D,C,C,B,B,B,D,D,C,B,B,C,D,C,B,C,D,C,C,C,D,D,C,D,B,C,D,C,B,D,D,B,D,C,E,C,D,C,D,C,D,E,C,C,C,B,D,Kha
D,B,D,E,B,D,B,B,E,C,D,C,E,B,C,D,C,B,C,B,B,C,D,C,C,D,D,C,B,B,C,C,D,E,E,D,B,C,C,C,C,C,B,D,C,E,C,C,C,D,E,Kha
D,C,B,D,E,C,D,D,B,B,E,D,D,C,B,C,C,B,B,B,C,D,B,E,C,B,B,C,D,C,C,C,B,C,D,E,C,C,C,C,D,B,B,D,B,B,C,D,C,C,C,Kha
C,D,B,C,E,C,B,A,E,A,B,A,C,B,C,A,B,C,A,A,B,B,A,A,C,A,A,C,A,A,C,B,B,C,C,C,A,A,B,B,B,A,A,B,C,A,B,C,B,A,B,Gioi
E,A,A,D,C,C,C,A,C,A,B,B,B,B,E,E,B,D,A,C,C,D,C,A,A,B,B,C,B,B,A,C,B,B,B,C,C,B,C,A,E,D,E,D,C,D,B,B,A,B,B,Gioi
D,E,E,C,B,B,B,B,E,C,B,C,A,A,C,B,B,B,B,C,B,A,C,C,C,C,B,C,B,C,C,C,A,C,A,C,B,B,C,B,B,A,A,C,B,C,C,B,C,B,C,Gioi
A,E,A,D,B,E,B,C,E,E,B,A,A,A,C,A,A,A,C,B,B,B,C,A,C,B,A,B,B,B,B,C,D,C,C,B,A,B,B,B,C,B,B,B,B,A,B,C,C,A,C,Gioi
D,C,D,D,C,A,C,E,A,B,B,B,B,B,A,B,B,C,B,C,B,B,B,B,A,A,B,B,C,B,B,C,A,B,B,C,A,A,A,C,C,B,C,A,B,B,A,B,C,C,A,Gioi
E,D,B,E,D,B,B,D,A,E,B,C,A,C,B,C,B,A,C,A,A,C,C,C,B,B,B,B,C,A,C,C,A,C,C,B,B,B,B,A,A,C,C,B,A,C,B,B,B,C,B,Gioi
E,E,B,C,D,D,A,E,E,A,B,C,B,B,A,A,B,B,A,C,C,C,B,C,A,B,A,C,C,A,B,A,C,A,C,B,B,C,C,C,C,C,B,B,B,A,C,A,B,B,B,Gioi
A,D,E,D,A,E,B,A,C,B,B,C,A,B,B,B,B,B,D,A,A,C,C,A,B,B,B,B,C,A,B,A,A,B,A,C,B,A,A,C,B,A,C,C,B,C,C,C,A,C,B,Gioi
B,E,C,E,E,C,E,B,D,B,A,B,C,C,B,B,B,C,B,C,B,B,C,B,A,B,A,B,A,A,B,B,A,C,B,C,B,B,A,A,A,B,B,C,B,B,B,C,B,A,C,Gioi
E,A,D,B,A,E,A,E,B,A,B,B,C,C,C,C,B,A,B,C,C,B,B,C,A,C,A,B,B,B,A,C,C,B,B,B,A,C,C,B,B,A,C,C,A,B,B,A,B,B,B,Gioi
E,D,D,C,D,E,C,B,D,B,B,B,C,C,A,A,B,C,B,B,C,A,B,D,B,A,B,B,C,C,B,A,B,B,B,C,A,A,A,A,A,B,A,C,A,A,C,B,B,C,A,Gioi
B,C,E,A,B,E,B,E,A,B,B,B,C,C,C,C,B,A,C,B,B,A,C,B,B,B,B,A,A,B,A,B,B,C,A,C,C,A,C,A,B,C,C,A,B,B,C,C,B,B,C,Gioi
B,D,A,C,D,E,E,C,E,B,B,A,C,B,C,B,A,B,B,C,A,A,B,B,A,C,B,B,B,B,B,A,C,C,B,B,B,A,B,A,C,C,B,C,C,A,C,C,B,B,B,Gioi
E,C,A,E,A,E,B,A,B,B,A,C,B,A,C,C,B,B,A,B,C,C,A,A,B,B,B,A,B,C,A,C,B,C,B,C,B,C,A,B,B,C,B,B,B,B,C,A,B,B,A,Gioi
B,A,C,A,C,C,C,B,C,D,A,C,C,B,C,C,B,D,C,A,C,B,D,B,B,C,B,A,C,B,B,B,C,A,C,B,D,B,B,B,B,C,B,B,A,C,D,B,A,C,A,Gioi
C,A,A,E,B,D,A,D,B,D,A,B,A,B,A,C,B,C,C,B,B,C,C,A,B,C,B,C,C,A,C,A,C,C,A,C,C,A,B,C,C,C,C,C,B,B,A,C,C,C,B,Gioi
A,D,E,E,A,E,B,C,C,A,B,B,B,C,A,B,B,C,B,C,A,C,B,C,B,B,B,A,C,C,C,B,B,A,B,B,A,C,C,B,A,B,B,A,B,C,C,A,C,C,C,Gioi
E,A,A,E,E,E,C,C,A,D,B,B,C,C,B,A,B,A,B,B,C,C,C,C,B,B,A,C,A,C,C,C,C,B,A,B,B,C,B,C,B,B,C,C,C,C,B,C,A,C,C,Gioi
A,B,A,E,A,C,B,A,B,A,B,C,C,D,C,A,A,C,C,A,B,B,C,B,C,B,B,C,C,B,A,C,A,C,B,B,A,A,B,B,A,A,B,B,A,C,B,B,C,C,A,Gioi
B,A,E,D,D,B,C,C,C,A,B,B,B,B,B,C,B,C,C,C,B,B,C,B,B,A,B,C,C,A,C,A,C,D,C,A,C,B,D,A,B,C,A,B,B,A,A,C,B,C,B,Gioi
B,A,B,A,A,E,D,C,A,B,B,B,A,C,A,A,A,A,C,B,C,B,B,C,B,C,B,A,A,B,C,B,C,C,C,B,B,C,A,A,B,C,B,D,A,B,B,B,A,C,B,Gioi
B,C,A,B,A,C,E,B,C,D,B,B,A,A,B,B,B,B,A,C,B,C,C,C,C,D,B,B,C,C,A,A,C,C,B,A,B,A,B,B,A,C,B,C,B,B,C,C,A,B,A,Gioi
E,C,D,E,C,D,E,E,A,E,B,C,D,C,A,C,C,A,B,B,B,C,C,C,B,A,B,D,B,B,A,A,B,B,B,B,B,B,A,C,A,A,B,B,B,B,B,B,A,C,C,Gioi
B,A,A,D,B,B,B,A,C,B,B,C,C,B,B,A,B,A,C,C,B,B,B,B,C,B,A,B,A,A,A,B,B,B,B,B,B,C,B,A,B,A,B,C,A,C,B,C,C,C,C,Gioi
C,B,B,C,E,D,C,E,D,B,A,B,C,C,B,C,B,B,B,C,B,C,A,B,C,B,B,C,C,C,A,C,C,A,C,A,B,A,C,B,A,A,B,A,A,C,A,B,A,A,B,Gioi
B,D,D,C,C,B,B,A,D,E,B,B,A,A,B,B,A,A,B,C,A,C,B,C,C,B,B,C,B,A,B,A,C,C,C,C,C,B,B,C,B,C,C,B,C,B,A,C,A,B,C,Gioi
C,E,E,B,C,A,A,B,A,C,B,B,A,A,D,B,B,B,C,B,B,A,A,C,B,B,B,C,A,B,C,C,C,B,A,C,A,C,A,B,B,C,A,C,A,B,D,B,B,A,B,Gioi
E,A,B,B,C,C,B,E,B,C,B,B,C,C,C,B,A,B,B,C,B,C,B,B,B,B,B,C,B,A,C,B,C,A,C,B,D,B,B,B,C,B,A,A,B,C,A,C,C,C,C,Gioi
A,E,E,B,B,B,C,E,B,C,A,B,C,B,A,C,B,A,C,C,C,B,C,B,B,C,B,B,B,C,C,C,C,C,C,C,C,B,C,C,A,B,B,B,B,C,B,B,C,C,B,Gioi
B,D,C,B,E,E,A,B,B,E,A,B,B,C,C,A,B,C,B,B,B,B,B,B,C,B,B,C,C,B,B,C,A,C,B,B,B,A,C,B,B,A,B,C,A,A,A,B,C,B,A,Gioi
B,E,A,B,C,E,B,E,B,D,B,B,B,A,A,C,B,B,C,C,C,C,B,B,B,C,B,C,C,C,C,C,C,C,A,C,A,C,A,C,C,A,B,B,C,C,C,B,A,C,B,Gioi
E,C,C,E,B,D,A,C,E,B,B,C,B,B,A,A,B,A,C,C,A,C,A,A,C,B,A,B,A,A,A,A,B,C,C,B,A,C,B,B,C,C,B,C,C,C,A,B,C,B,C,Gioi
C,C,B,E,C,E,E,D,C,B,B,C,B,C,C,B,B,C,C,A,C,A,B,A,A,B,B,B,C,A,B,B,B,A,C,B,B,C,B,C,B,C,B,A,C,B,C,A,A,B,C,Gioi
B,B,D,E,A,E,D,C,E,A,B,A,C,A,B,A,B,C,B,C,C,B,B,C,A,A,B,C,A,C,A,C,B,C,B,C,B,C,C,B,B,B,B,A,C,A,A,C,D,C,B,Gioi
A,E,E,A,E,D,C,B,E,D,B,A,A,B,B,C,B,A,B,B,C,B,B,A,B,B,B,C,B,B,A,B,C,C,A,C,B,C,B,C,B,A,A,C,B,B,B,A,C,B,C,Gioi
C,E,C,D,E,E,B,A,C,B,B,A,B,D,A,A,B,B,B,C,B,A,A,B,C,B,B,C,B,C,A,A,B,B,C,B,A,B,B,A,C,B,A,C,C,B,C,C,A,B,B,Gioi
A,A,B,B,C,A,B,C,E,D,A,A,A,A,A,B,A,A,B,B,B,A,B,A,A,B,A,A,A,B,A,B,B,A,B,A,B,A,B,B,A,A,A,A,A,B,B,A,B,B,B,Xuat Sac
C,A,D,C,A,B,B,B,B,B,A,B,A,A,B,B,A,A,A,B,B,A,A,A,A,A,A,B,B,A,A,B,B,A,A,A,B,A,B,A,A,A,B,A,A,A,B,B,B,B,B,Xuat Sac
C,C,D,C,B,C,C,A,B,B,A,B,A,A,B,A,A,A,B,A,A,B,B,A,A,A,A,B,B,A,A,A,A,A,B,A,A,A,B,A,B,A,A,A,A,A,B,A,B,A,A,Xuat Sac
A,C,C,C,C,B,D,C,B,C,A,A,A,B,A,A,A,A,A,B,A,B,A,A,B,A,A,B,A,A,A,A,B,A,A,A,B,A,A,A,B,B,A,B,B,B,A,A,A,A,A,Xuat Sac
A,B,B,C,B,A,B,B,C,C,A,A,A,A,A,A,A,B,A,B,B,B,B,A,B,A,A,B,B,A,A,A,A,B,B,A,A,A,A,B,B,B,A,A,A,A,A,A,B,A,A,Xuat Sac
